id,label,teks
0,1.0,vincent gt desta
1,1.0,vincent gt desta
2,1.0,hai berhubung gw fans berat vincent desta dan semua yang udah terjadi gw masih syok parah gw akan mute kata yg ada desta ya
3,1.0,tiket k dapet kaos totebag bunga mawar fresh photocard oil serum eskopi abis diminum pas acara gak cuma nonton dikta aja tp ada vincent desta dudy eros puas banget ga nyesel lah ngeluarin rb buat me time terima kasih ya allah aku senang tuman nonton konser dewekan
4,1.0,iya si betul tp ak ngeliatnya emang pure bercandaan laki doang aku liatnya dia family man banget sesayang itu dia sama anak nya kalo ampe beneran slingkuh ak siap nonton pergelutan vincent desta krna vincent uda segitu terima kasih nya sama caca karna nyelametin desta tau deh
5,1.0,bio lo vindes tuh vincent desta gua kira artis barat fak
6,1.0,kok ada yaa orang ngefans sama vincent desta
7,1.0,definisi konser dikasih banyak bonus nonton masta bonus vincent desta sama eross
8,1.0,akhirnya bisa nonton vincent desta di bonus eross chandra dan dikta
9,1.0,bodohnya gua ngira vincent desta itu orang yg sama
10,1.0,lu ga pernah nonton yutub ya bang kok ga tau vincent vincent mah sahabat desta acaranya aja sampe dinamain vindes vincent desta ga mungkin kan vindes vincent deni siregar
11,1.0,soalnya gofar sendiri kalo desta ada tameng yg sgt kuat yaitu vincent percaya deh kalo ga ada vincent desta bukan siapa siapa
12,1.0,peaknya vincent desta itu ya tonight show studio lama
13,1.0,bonsernews com showbiz aku mah mendoakan yg terbaik aja buat mereka dan mengenang momen momen ini aja sebagai fans tonight show saya berterima kasih vincent desta udh bikin senyum caca jg makasih udh bikin hidup desta lumayan terarah
14,1.0,re tweet keras tags breaking news pak hary tanoe soedibjo full booked johnny g plate kemenkeu natasha rizki vincent desta biaya admin botuna desta putri kw caca jenkai sudirmancup
15,1.0,tag chris martin vincent desta natasha rizki caca botuna garuda muda hah beneran dapet breaking news fast x morgan cat cat biaya admin pa tahun dino pink hair my my brand power jin coldplay argentina indonesia
16,1.0,mimpi semobil sama vincent desta trus desta nyeritain alesan kenapa gugat cerai caca wkwkw
17,1.0,berkat ganjar penghargaan pembangunan daerah ppd kembali diraih provinsi jawa tengah di tahun ini vincent desta botuna cat
18,1.0,chris martin vincent desta natasha rizki botuna garuda muda hah beneran dapet breaking news fast x morgan cat cat caca biaya admin tahun dino pink hair my my brand power jin coldplay argentina indonesia
19,1.0,jennie taehyung dating taennie vincent desta natasha rizky botuna dapet caca morgan kaget komang chris martin biaya admin tahun cat fast x dino pink hair garuda muda breaking news argentina kaget coldplay indonesia
20,1.0,enzy udah punya pacar kalau lu penggemar tonight show pasti tahu kalau vincent desta sering mancing enzy buat spill pacarnya yang di amerika
21,1.0,vincent desta cerai natasha rizki atau natasha rizki cerai desta botuna bocah tua nakal
22,1.0,terimakasih kejaksaan telah menyelamatkan uang rakyat dari pencurian johnny g plate pa fast x natasha rizki morgan rizky ridho vincent desta
23,1.0,komitmen pemerintah berantas korupsi tidak ada tooleransi pa fast x natasha rizki morgan rizky ridho vincent desta
24,1.0,fakta dan bukti berbicara tidak ada kriminalisasi dalam kasus johnny g plate pa fast x natasha rizki morgan rizky ridho vincent desta
25,1.0,padahal lagi sering seringnya nonton vincent desta
26,1.0,semua kekeselan ini bermula dari bercanda spontan uhuy malah disautin jokes vincent desta
27,1.0,duuuhhh ga sabar nonton aksi om tom cruise mission impossible vincent desta morgan
28,1.0,botuna tahun kaget biaya admin morgan natasha rizki dapet marselino fast x breaking news pa dino pink hair jongkok garuda muda cat real madrid cat zhang hai st look cat brand power jin vincent desta refresh jeketiselcaday manchester city
29,1.0,re tweet keras tags breaking news pak hary tanoe soedibjo full booked johnny g plate kemenkeu natasha rizki vincent desta biaya admin tabletrasalaptop seagames
30,1.0,pliss gue gabisa kalau udh maslaah nya tentang kluarga tonight show gini ni vincent desta hesti enzy
31,1.0,vincent desta bajingan
32,1.0,johnny g plate tertangkap akankah surya paloh menepati janjinya membubarkan nasdem pa fast x natasha rizki morgan rizky ridho vincent desta
33,1.0,youtu be sldeovmsqo vincent desta garuda muda fast x
34,1.0,youtu be uk ov f xdm pa fast x garuda muda vincent desta
35,1.0,genjot indeks persepsi korupsi pemerintah tancap gas bersih bersih kementerian lembaga akurat co genjot indeks pa fast x natasha rizki morgan rizky ridho vincent desta
36,1.0,vincent desta natasha rizki dapet botuna morgan cat kaget biaya admin fast x garuda muda pa breaking news cat cat hogwarts kemenkeu christ martin akane sehun jongkok twitter com dumdummentai s
37,1.0,genjot indeks persepsi korupsi pemerintah tancap gas bersih bersih kementerian kumparan com kumparannews g pa fast x natasha rizki morgan rizky ridho vincent desta
38,1.0,plate ditahan pemerintah genjot indeks persepsi korupsi dengan bersih bersih kementerian lembaga wartakota tribunnews com pla pa fast x natasha rizki morgan rizky ridho vincent desta
39,1.0,yg bucin mah vincent desta biasa aja sih
40,1.0,vincent desta amp natasha rizki trending di twitter tp nyampah komennya di ig mereka
41,1.0,aqeela daily kebun binatang mini bogor youtu be ogosuqy jqu via vincent desta natasha rizky botuna dapet caca morgan kaget komang chris martin biaya admin tahun cat cat cat cat pa fast x dino pink hair garuda muda hah beneran coldplay indonesia
42,1.0,vincent desta natasha rizky caca morgan bisma rafael smash komang biaya admin tahun cat cat cat cat pa fast x dino pink hair garuda muda indonesia coldplay chris martin botuna dapet kaget marselino brand power jin
43,1.0,resmikan rumah pembauran kebangsaan pertama di indonesia ganjar karena kita bersaudara vincent desta natasha rizki fast x botuna manchester city tahun morgan biaya admin cat garuda muda kaget dapet pa real madrid cat breaking news cat
44,1.0,vincent desta breaking news beli di bukalapak lebih praktis dan aman bukalapak com p rumah tangga
45,1.0,pak ganjar terbaik untuk indonesia rakyat siap mendukung vincent desta natasha rizki fast x botuna manchester city tahun morgan biaya admin cat garuda muda kaget dapet pa real madrid cat breaking news cat
46,1.0,vincent desta natasha rizki cat botuna mabuk capt morgan dg gaya doggy ada yg bisa memuaskan hasrat vcs anakuniqlo
47,1.0,t vincent desta natasha rizki botuna cat dapet tahun fast x cat cat morgan garuda muda kaget pa biaya admin seungkwan dino pink hair cat cat komang niki wts wts wasit timnas headsets alhamdulillah ya allah kejagung run to you dapet lee jeno thank you
48,1.0,temukan kadonio kipas angin mini portable usb cas karakter dapat digunakan sebagai dudukan ponsel kl fn dengan potongan hanya rp shope ee a nnybsq sha shopeeid morgan vincent desta full booked botuna
49,1.0,vincent desta morgan natasha botuna piknik aja drpada stres dan berakhir cerai magelang jogja ready manut selalu
50,1.0,chris martin vincent desta natasha rizki botuna garuda muda hah beneran kaget dapet breaking news fast x morgan morgan cat caca biaya admin tahun dino pink hair my my brand power jin coldplay argentina indonesia garuda muda shope ee pkkdzmval
51,1.0,alhamdulillah ya allah punya uang segini di depositokan tiap bulan labanya berapaan ya natasha rizki vincent desta caca botuna morgan tahun garuda muda fast x pa
52,1.0,tahun vincent desta niki komang caca dapet sananta open vcs bertarif udah ready yah
53,1.0,buka trending vincent desta yg keluar malah cwe ga punya baju
54,1.0,chris martin vincent desta natasha rizki botuna garuda muda hah beneran dapet breaking news fast x morgan cat cat caca biaya admin tahun dino pink hair my my brand power jin coldplay argentina indonesia hp nokia flip shope ee pvqconylu sha
55,1.0,jangan lupa makan guys tag chris martin vincent desta natasha rizki caca botuna garuda muda hah beneran dapet breaking news fast x morgan cat cat biaya admin pa tahun dino pink hair my my brand power jin coldplay argentina indonesia
56,1.0,chris martin vincent desta natasha rizki caca botuna garuda muda hah beneran dapet breaking news fast x morgan cat cat biaya admin pa tahun dino pink hair my my brand power jin coldplay argentina indonesia shope ee p n chi sha
57,1.0,katanya sih ini tempat galaunya warga pekanbaru udah pernah sampe sini ndak vt rudi saputraa gema kampar kabarpekanbaru wisatariau kampar riau nature sound mood booster natasha rizki vincent desta caca botuna morgan tahun garuda muda fast x pa
58,1.0,vincent desta botuna kaget liat komang dapet caca yg mau order vcs cek whatsapp dibio ya vcs
59,1.0,yang jual diri bisa minggir dulu ga sih gue mau tau kenapa vincent desta morgan trending
60,1.0,chris martin vincent desta natasha rizki botuna garuda muda hah beneran dapet breaking news fast x morgan cat cat caca biaya admin tahun dino pink hair my my brand power jin coldplay argentina indonesia racunshopee racunshopeecheck shopeehaul
61,1.0,chris martin vincent desta natasha rizki botuna garuda muda hah beneran dapet breaking news fast x morgan cat cat caca biaya admin tahun dino pink hair my my brand power jin coldplay argentina indonesia helm hijab shope ee krbgibrtn sha
62,1.0,terimakasih garuda muda seagames ga kaget atas hasil yang diperoleh melihat mental juara timnas indonesia tahun tags kaget sama berita desta semoga selalu baik baik dari kecil suka banget liat vincent desta di mtv bujang airlanggahartarto golkarindonesia
63,1.0,capres idaman yang membela rakyat ini tanggapan jokowi dari beberapa capres yang maju vincent desta natasha rizki breaking news botuna garuda muda fast x caca pa biaya admin manchester city
64,,irawan me menu rice bowl menu rice bowl kekinian anti galau sosok untuk buka usaha vincent desta botuna biaya admin caca cat natasha rizki morgan dapet cat bisnis bisnisupdate makanan
65,1.0,perasaan kemarin waktu live di vindes bareng crew club s vincent desta seperti biasanya tu kok tiba tiba gini ya gak nangka
66,1.0,vincent desta natasha rizki cat botuna morgan caca cat garuda muda biaya admin cat fast x zhang hao my my dino pink hair kaget brand power jin dapet cat seungkwan kaget dapet breaking news tahun komang pa run to you cat mobil remote shope ee a l uiepi sha
67,1.0,siap poto konser vincent desta
68,1.0,desta menggugat cerai sang istri natasha rizki gugatan diajukan ke pengadilan agama jakarta selatan pada mei natasha rizki vincent desta caca botuna morgan
69,1.0,lembaga survei charta politika indonesia mengungkapkan ganjar pranowo dinilai sebagai tokoh yang paling layak untuk meneruskan kerja joko widodo jokowi vincent desta botuna natsharizki
70,1.0,natasha rizki vincent desta botuna kemenkeu an offer
71,1.0,budaya indonesia maju terus dan pertahankan budaya kita kita indonesia vincent desta natasha rizki breaking news botuna garuda muda fast x caca pa biaya admin manchester city
72,1.0,banyak kalangan menaruh harapan untuk ganjar itu untuk indonesia kedepan ganjar menang vincent desta natasha rizki breaking news botuna garuda muda fast x caca pa biaya admin manchester city
73,1.0,sebagai fans vincent desta juga subscriber vindes serta penonton setia tonight show sedih anjir baca ini tonight show bisa bisa beneran bungkus mana enzy mau stay di eropa eh desta cerai dan pastinya berdampak ke performa rating tns mana kemaren kpi negur net pula
74,1.0,breaking news nasdem panik johnny g plate kader nasdem ditetapkan sebagai tersangka kasus korupsi oleh kejagung nasdem makin nyungsep xixi nasdempanik viral fyp fyp vincent desta natasha rizki garuda muda caca
75,1.0,sejauh mana bagusnya hilirisasi di indonesia bicara itu dari jokowi dan ganjar vincent desta natasha rizki breaking news botuna garuda muda fast x caca pa biaya admin manchester city
76,1.0,breaking news vincent desta morgan
77,1.0,bukan masalah gimana caca desta dan vincent desta tajir caca cantik vincent punya keluarga sendiri mereka bakalan mudah menjalani hidup tapi inget ada trio strong yg jadi korban ke egoisan kalian selaku orang tua yg samai kapanpun gak akan bisa terima nasib mereka
78,1.0,anies wong sekewet macam kapot dak ado otaknyo wong sampah idak galak dipilih yo vincent desta natasha rizki breaking news botuna caca biaya admin
79,1.0,vincent desta cerai natasha rizki atau natasha rizki cerai desta botuna bocah tua nakal
80,1.0,inspirasi outfit buat nongkrong a thread tag vincent desta botuna fast x garuda muda
81,1.0,bisa bisa hancur negara kalau dipimpin anies si raja ngibul sok sok an mau jadi presiden urus jakarta aja hancur amburaadul vincent desta botuna breaking news natasha rizki fast x biaya admin
82,1.0,ini orang perusak demokrasi dan pembuat gaduh di negeri ini bawa politik identitas untuk menipu ummat sungguh bejatnya sikapmu anies vincent desta natasha rizki botuna fast x pa
83,1.0,bappenas ri memberikan penghargaan kepada jateng sebagai provinsi terbaik pertama dalam penghargaan pembangunan daerah ppd menangtotal vincent desta breaking news garuda muda botuna argentina natasha rizki
84,1.0,pengamat politik ipi menilai pernyataan jokowi dalam musra tentang sosok ideal untuk menjadi pemimpin indonesia ke depan erat kaitannya dengan ganjar menangtotal vincent desta natasha rizki botuna garuda muda pa argentina
85,1.0,desain kamar tidur minimalis by dekori tag vincent desta breaking news rumah kamartidur desain rumah
86,1.0,gue ngefans ama vincent desta tapi beneran beritanya anjing ya lu desta nyia nyiain cewe sesempurna natasha rizky
87,1.0,gasuka ngurusin hidup nya para artis tpi klo udah anggota tonight show vincent desta hesti enzy lain cerita
88,1.0,cowo kyk vincent desta amp sirkel nya itu sebenarnya ga cocok buat nikah cocoknya jdi sigma male don ala the godfather aja
89,1.0,yang lain aja si jangan vincent desta
90,1.0,kirain cuma gw yang beranda yt shorts nya isinya potongan klip vincent desta di acara tv dan paling banyak potongan videonya si doi yg genit klo ada bintang tamu cewe wkwk makanya ga kaget
91,1.0,vincent gt desta all the way sih semenjak tahu cerita spill doi soal kelakuannya di radio udah gak ada respect sama dia
92,1.0,masih ada pak vincent desta
93,1.0,makaaannn trus lihat podcast nya vincent desta
94,1.0,surya insomnia darto vincent desta omesh
95,1.0,vincent desta raditya dika arie kiting
96,1.0,itu orangnya mau gua jadi parto andre wendy vincent desta kayaknya gua mah bisa bisa aja
97,1.0,heyhooooo kabar gembira buat para ladies area yk mas tata kita bakal ada panggung di jogja besok mei di asha akasa ditemenin sama vincent amp desta buat yang pengen beli tiket pantengin terus akun khh akan ada kejutan menarik gt gt gt gt gt
98,1.0,spesial didatangkan untuk membongkar cerita cerita vincent amp desta terdahulu bersama para keker apatuh keker kerabat kerja club s sudah tayang di youtube vindes klik youtu be v icp lcby vindes vincentanddesta
99,1.0,crew club s saksi masa masa vincent desta di club s indah atau kelam jadi gini cerita vincent amp desta waktu masih di club s vindes vincentanddesta youtube com watch v v icp
100,1.0,krna vincent desta sama pak andre gamau
101,1.0,gila kenapa cowo skrg ya si fandy ngikutin christian sugiono emang suami idaman ter the best sih pastinya vincent desta dan kurt cobain
102,1.0,maybe unpopular kombo sule andre tuh lebih lucu andrenya kombo vincent desta lebih lucu vincentnya pendapat pribadi aja sih ini
103,1.0,ya bener sih kirain vincent desta
104,1.0,andre dulu pernah bilang pengen bikin duo ama susu dele seperti vincent desta tp gak jd kata andre susu dele nggak mood an sdh nggak klik
105,1.0,aku aja kl nti nikah mo nanggap adelle kl mc mau vincent desta
106,1.0,au ah gua ngestan vincent desta aja
107,1.0,kata gua kita ngebias vincent desta aja cha
108,1.0,vincent desta versi korea
109,1.0,sugita ama nakamura yuichii itu literally vincent desta
110,1.0,seoksoon vincent desta mengvalid sih
111,1.0,vincent amp desta x efek rumah kaca cinta melulu tiba tiba suddenly rek youtu be zcyegnkrtmc cinta melulu
112,1.0,i vote lyodra ivote bunda corla i vote boy william i vote vincent desta
113,1.0,iqbaal ramadhan gugup ditunjuk jadi host program baru vincent desta tabloidbintang com berita
114,1.0,vindes media hadirkan kolaborasi lintas generasi fenomenal iqbaal ramadhan dan vincent desta dlvr it snp ty
115,1.0,iqbaal ramadhan digaet vincent desta jadi host program bertema an dlvr it snmrlh
116,1.0,padahal vincent desta itu band nya clubeighties bikin konten an pemerannya anak yg lahir tahun random
117,1.0,vindes media hadirkaan kolaborasi lintas generasi fenomenal iqbaal ramadhan dan vincent desta dlvr it snlzph
118,1.0,ini cuma ada vincent desta sih tp belakang nya seventeen nemu di tl fotonya
119,1.0,ehh ini bukannya yg di undang di channelnya vincent desta bukan sih toi gw ga tau namanya
120,1.0,sule andre vs vincent desta
121,1.0,hp iphone jatoh aja cuma disingkirin kepinggir jalan gada yg ngambil kemaren liat video vincent desta sama haruka
122,1.0,vincent desta enzy
123,1.0,bener kayak vincent desta dah sumpah wkwkwkwk
124,1.0,vincent desta cardib
125,1.0,vincent desta
126,1.0,vincent desta
127,1.0,yang pertama duet setyawan tiadatara dan kelik pelipurlara dan duet topan lesus yg lama gak nonton ya kelik dan setyawan yg di tonton vincent desta hesty enzy pemain lapor pak
128,1.0,vincent desta
129,1.0,vincent desta
130,1.0,vincent amp desta
131,1.0,pantesan ya sekarang gue suka seoksoon orang dulu gue suka vincent desta
132,1.0,ingpo gk penting karena sudah ditemukan vincent desta seoksoon gw hrs cari pairing lain
133,1.0,terus aduh si vincent desta seoksoon keleewataaannn mnrt gwwwww
134,1.0,kirun dan bagio sule vincent desta andre
135,1.0,kata gw sih mending kita jadi vincent desta
136,1.0,andre sule vincent desta abdel temon adul komeng seok soon
137,1.0,beneran vincent desta
138,1.0,pelawak pertama kang sule udah lama gak di tonton warkop dki sekarang sering ditonton vincent desta sama surya insomnia
139,1.0,anya geraldine dtg ke podcast vincent desta gak mandi tetep cantik
140,1.0,aduh gapapa bgt sumpah mau sule andre vincent desta topan lesus daesung riri shindong eunhyuk aku bakalah suka bgt sama markgem
141,1.0,di film ini ada vincent desta
142,1.0,minimal kelakuannya kaya vincent desta
143,1.0,vincent desta dupe
144,1.0,semoga ybba bisa seseru vincent desta hesti enzy bahkan lebih dan semoga kita bisa saling melindungi menjaga silaturahmi semoga juga pertemananya panjang umur dan kita semakin dekat seperti keluarga aamiin
145,1.0,keahlian vidi bulle bikin vincent desta ngakak youtube com watch v byhok
146,1.0,i would say vincent desta since sule is kinda problematic
147,1.0,vincent desta hesti enzy
148,1.0,vincent desta enzy hesti
149,1.0,vincent desta enji hesti
150,1.0,hesti enzy vincent desta kadang ada danang
151,1.0,wawancanda ebel cobra terima kasih vincent desta youtu be q bfefy ze via
152,1.0,wawancanda ebel cobra terima kasih vincent desta youtu be q bfefy ze
153,1.0,vincent desta
154,1.0,vincent desta gak sih
155,1.0,vincent desta korean ver
156,1.0,vincent desta sih
157,1.0,vincent desta cabang korea
158,1.0,bisa aja dah ah vincent desta
159,1.0,pruk prediksi jaya jaya jaya club motornya vincent desta dkk
160,1.0,om om paling menarik di indonesia cuma vincent desta sama gading
161,1.0,ahmad dhani punya f x y dan kenapa hidrogen perklorat ditabrak vario mengucapkan selamat idul fitri garis lurus bersinggungan terbaik dewa vincent desta bawa bejana kopi v silverqueen kenapa dia bisa tiba tiba tenis sparta telaga gudeg
162,1.0,kemarin paman datang pamanku vincent desta
163,1.0,tonight show vincent amp desta
164,1.0,kagak lihat vincent desta gue
165,1.0,vincent desta orang kok gimik terus heraaaaaan youtube com watch v t op
166,1.0,lucuan vincent desta
167,1.0,vincent desta anjg bukan bokep
168,1.0,gw berarti gamimpi pas tidurbsetel vincent desta dan scroll tiktok
169,1.0,ini kok feeling gue vincent desta sebenernya ditawarin film ini juga ya ofc mereka nolak i mean majority castnya temennya semua bjir
170,1.0,my name is vincent and i can t tell you how many times i corrected my own names for a few times i had to say itu lho kayak vincent desta di tv but it doesn t help much
171,1.0,taeil johnny vs vincent desta
172,1.0,satu tingkat diatas vincent desta
173,1.0,emang gampang biar diurus vincent desta gak semudah ketikanmu cabang olahraga ini sarat bisnis dan kuasa
174,1.0,tenis meja bisa gk biar di urus vincent desta waktu gelar pertandingan antara abdel dan desta seru juga itu dan waktu itu juga ada kritikan terhadap pengurusan tenis meja juga
175,1.0,cinlok di vincent desta agency a thread
176,1.0,komi sisen dan baca komiknya juga se en zodiac madoka magia mushoku tensei summer time rendering suzume no tojimari batman the dark night pretty boys yang vincent desta miracle in cell no yang indo avengers end game dan film mcu sebelumnya demon slayer baca komik
177,1.0,enga jawab vincent desta aja bang
178,1.0,humor bnr ni psngan kyk vincent desta
179,1.0,harusnya youtube om youtube vincent desta show show show biar kaya iyeb
180,1.0,kerja dimana skrg di vindes om apaan tuh youtube om youtube vincent desta oh kayak youtuber gitu yah
181,1.0,vincent desta itu kalo nyanyi bon jovi liriknya diganti
182,1.0,lucunya sebanding sama vincent desta
183,1.0,vincent desta mn
184,1.0,k henry batman vincent desta cliff lembu ytonk
185,1.0,dbd lembu ytonk henry batman vincent desta cliff
186,1.0,dbd henry batman vincent desta cliff lembu ytonk
187,1.0,dbd henry batman vincent desta cliff lembu ytonk
188,1.0,h s henry batman vincent desta cliff lembu ytonk
189,1.0,mana duet terlucu menurut kalian komeng amp adul vincent amp desta andre amp sule maguire amp de gea
190,1.0,mungkin dia gak ngerti arti dari keluar dari zona nyaman kalo konsep nya gitu doang gimana perusahaan mau maju mana sekarang saker nya tambah banyak kan vincent desta pernah bilang kalo saker sejatera dan makmur mereka senang dan bahagia yg ngerti filosofi nya pasti tau
191,1.0,justru itu gk sih tujuannya secara korporasi kl cuma ngandelin figur vincent desta doang bisa brp lama emangnya bakal terus an tampil jd gk berkembang amp gk sustainable sama kyk close the door mulai ada segmen lain invest di channel lain
192,1.0,halo aku pernah liat akun kamu juga omg daripada sule andre mending kita vincent desta
193,1.0,vincent desta
194,1.0,kemarin paman datang paman ku vincent desta
195,1.0,renhyuck penerusnya vincent desta wbk
196,1.0,butuh temen kek vincent desta
197,1.0,youtube jela hiburan selain netflix sbb jarang nonton tv my favorite show tonight show vincent desta tp ra aku suka anak nya
198,1.0,vindes vincent desta
199,1.0,gw mo nontonin vincent desta aja lucu
200,1.0,ketemu vincent desta di tonight show kalo di yt tv lucu aslinya lebih lucu anj sampe digendong om vincent goyang bareng om desta
201,1.0,kurang vincent desta aja nih wkwk
202,1.0,vincent desta sih jelas
203,1.0,marcell vincent desta
204,1.0,wendy surya ato vincent desta
205,1.0,looks like they have vincent desta chemistry
206,1.0,lagian itu ber lucu bgt kayak vincent desta
207,1.0,sekali kali jadi c mau bro atau bestie rent yang bisa cosplay vincent desta atau andre rina nose not in rush ya
208,1.0,ndha vincent desta darto andre dll kayaknya anggota prediksi itu
209,1.0,vincent amp desta
210,1.0,malam ini ada wanita dengan paket lengkap yang mampir ke vincent desta show tidak lain dan tidak bukan nagita slavina sudah tayang di youtube vindes klik youtu be juv ge bq vindes vincentanddesta
211,1.0,vincent desta gocek gocipin cepak bola
212,1.0,batas boyband sing kancane vincent desta nsync storia tet
213,1.0,kok mau mauan di undang vindes subuh subuh bang duo kocakk vincent desta wkwk
214,1.0,baju kokonya vincent desta tjakep deh
215,1.0,jihyo mirip sama cewek yang sama vincent desta tuh siapa lupa namanya
216,1.0,ngerri vincent desta
217,1.0,coki muslim dan vincent desta sama sama pernah kena kasus hukum kapok youtu be ejpdcr svg via
218,1.0,vincent gt desta
219,1.0,demi alllah random bgtt tbtb join bukber komunitas vindes alias fans vincent amp desta mana ada acara tuker kadoo gue dpt cokk mereka seru pecah abisss mff emot nangis smw tp asliny seneng ko
220,1.0,tuh denger kata habib gntm suga afhs thepassion whereispushpa agustd bursa tonightshow vincent desta habibjafar manchesterunited
221,1.0,cak lontong dodit wendy cagur andre taulany vincent desta
222,1.0,gara gara nonton vincent desta nih jadi paham spontan uhuy
223,1.0,coki muslim x vincent desta
224,1.0,ngakak vincent desta rl kan maksudnya
225,1.0,kok belum ada replies atau qrt vincent amp desta ya
226,1.0,gue suka vincent desta
227,1.0,vincent desta adalah cikal bakal coki muslim youtube com watch v ejpdcr
228,1.0,kalo puasa keingetan main sawityowit sm vincent desta anjir tahun berapa ya itu ktknya gua smp dah wkskwk tua bgt
229,1.0,waktu masih vincent amp desta show with hesty enzy mana bintang tamunya itu itu terus
230,1.0,kalo di indo udah diajak gabung sama vincent desta gaksie
231,1.0,junan cover nirvana nan lu harus ketemu vincent desta sih kata akuu nyambung bangetttt pasti obrolannya
232,1.0,sekarang tiap denger lagu naff yang ini selalu nyanyi pake liriknya vincent desta anjir open spotify com track n rplkk
233,1.0,wkwkwkwkwkwkwkwkkwkwkwkwkw lucu banget taeeee coki muslim dan vincent desta sama sama pernah kena kasus hukum kapok youtube com watch v ejpdcr
234,1.0,ahmad dhani vincent desta
235,1.0,vincent desta dipecat dari mtv bujang gara gara ngeledek logo globaltv
236,1.0,bang gue ngarep banget bisa liat lu jadi komentator kayak vincent desta gara ini
237,1.0,minions gue rasa ikutnya vindes sport nanti lawan vincent desta
238,1.0,vincent desta oomleo ebel marshel indra jegel mami nunung chef norman chef willgoz chef martin
239,1.0,vincent desta hesti enzy om leo dan bu sisca
240,1.0,vincent desta sule andre mnurut gw setelah alm olga komeng adul
241,1.0,vincent desta
242,1.0,ibarat vincent desta vincent cuma kasih lambungan jokes sedikit aja desta pasti paham dan masuk ke jokesnya beda cerita klo vincent partneran sm irfan hakim atau raffi ahmad pasti kurang jot harusnya bisa ngeliat itu dr para member
243,1.0,vincent desta sudah meramal ini dari jaman dulu youtu be hmcu jhs a
244,1.0,acg aku cinta gunung vincent amp desta naik gunung eiger youtu be m dxllcmeuo via
245,1.0,vincent desta
246,1.0,punk pemuda urakan namun kreatif kalo kata vincent desta
247,1.0,lawakan mereka tuh kyk gimmick vincent desta bgtt
248,1.0,oalah tau tau egk mw mending sm vincent desta
249,1.0,geng motor nya vincent desta
250,1.0,vincent desta onald surya indra jegel boris bokir
251,1.0,mang syp si kan vincent desta ak egk tw gomen
252,1.0,bukan vincent desta bjier
253,1.0,verified senin artinya vincent desta show yang malam ini bersama jeriko panggabean ialah sahabat lama vincent apakah yang akan dibongkar dan terbongkar tongton dan saskikan di youtube vindes sekarang klik youtu be q meuzbca u vindes vincentanddesta
254,1.0,vincent desta cabang korea
255,1.0,diprank ini ada vincent desta di jerman youtube com live fdhdkctm vindes ramadanbarengvindes
256,1.0,opini pribadi saya nih ga seseru tahun kemarin vincent desta malah minim keliatan saya cuma nonton hari pertama itu juga ga sampe kelar
257,1.0,sahabat sejati vincent desta minggirrrrrrrrrrrr
258,1.0,tmi hari ini ada new performance dari jikmin di the tonight show punya jimmy fallon bukan punya vincent desta ya hati hati penipuan
259,1.0,vincent desta kece banget dah kacauuu
260,1.0,z channel youtube nya vincent desta kalo buka puasa ada acaranya terus ada adzan nya yg adzan dikta
261,1.0,kenapa hostnya bukan vincent desta
262,1.0,klo hesti vincent desta dan enzy liat ini pasti pada heboh eh eh eh siapa tuh siapa tuh
263,1.0,knp di bukber gak ada vincent desta nya
264,1.0,termasuk vincent desta dong yes loyalis beliau yang masuk kategori dekat dengan pemuda amp olahraga mengingat rekam jejak abdee slank yang bisa jadi komisaris bumn yekan
265,1.0,mau berterimakasih sama om vincent desta makasih banyak udah hadir di dunia dengan membawa banyak kecerian dan kebahagian pada semua orang termasuk aku salah satunya udah jadi tempat kalo lagi sedih udah nemenin ngerjain tugas laporan di tiap tiap malemnya
266,1.0,oomleo circle nya keren gak alay kaya ditho gue pernah bukber bareng goodnight electric goodfriends vincent desta di tebet yg emang kebetulan mereka sohib
267,1.0,sambut ramadan vincent desta punya progam ramadan bareng vindes dlvr it sldr k
268,1.0,ts wkwkwk minta maaf sama aku ya kak aku penggemar vincent desta hesti enzy
269,1.0,terakhir kapan ya nonton tonight show padahal duluu ga pernah absen nonton vincent desta sekarang udah hampir ga pernah paling cuma sekilas lihat cuplikan nya di tiktok
270,1.0,pagi gue udah nangis banget liat vincent desta
271,1.0,iki lucu banget ekspresi vincent desta
272,1.0,imagine vincent amp desta invite them to tonight show
273,1.0,i can see b amp e in vincent amp desta
274,1.0,malam ini vincent amp desta kedatangan seseorang mutiara dari timur yang adalah tonton keseruan obrolannya di youtube vindes meluncur sudah tayang youtube com watch v sxbxt vindes vincentanddesta
275,1.0,bisa aja nih vincent desta
276,1.0,vincent desta komedia ga sie pokonya mreka terlucu dah menurut ku
277,1.0,jimin fallon acaranya vincent desta
278,1.0,iya bener vincent desta
279,1.0,jimin fallon tonight show vincent desta
280,1.0,tapi tonight show vincent desta emang terinspirasi dari typical us talkshow sih makanya vibesnya mirip
281,1.0,kaget gue kira beneran ke vincent desta
282,1.0,anjweengg ketawa bgttt plissss vincent desta gak tujhh
283,1.0,acara vincent desta
284,1.0,bayangin aja keacara vincent desta suatu saat nanti
285,1.0,vincent desta
286,1.0,vincent desta om leo
287,1.0,yes in indonesia we have vindes vincent amp desta like d amp e both came from same group and have best chemistry they started from a show on mtv and now they have their own youtube chnl i also hope our d amp e will have their own chanel in the future coz they re so good together
288,1.0,vincent amp desta enak banget dapet endorse dari eiger untuk langsung naik gunung di swiss
289,1.0,vincent from vindes vincent desta iya apa iya
290,1.0,vincent amp desta
291,1.0,gwendeng semalem ak mimpi ada vincent desta ada dirumah trs maen ke kamar dh kek sodara kandung sendiri woyyyy rasae kek nyata dan pas mimpi itu ngira mimpi tp ternyata nyata paham g si pdhl mimpi yaallahhhhh
292,1.0,dochi sadega vincent desta masih suka bingung kan apa itu musik bergenre pop punk nah dochi orang yang tepat untuk menjabarkan semua itu
293,1.0,zara udah bukan jkt main ke vincent amp desta show malam ini sudah tayang di youtube vindes klik youtu be qijfdolxjxg vindes vincentanddesta
294,1.0,ada yg udh liat video sy tanding bola pimpong bareng vincent desta andre dan dikta klo blm yuk langsung ke channel youtube nya vindest
295,1.0,yang host vincent desta ya
296,1.0,rony ini kayaknya sering nonton tonight show jokes sama gimmick nya mirip vincent desta orang kok lucu terus wkwkwk
297,1.0,logo kui inspiratif nyatane vincent desta melu logone ngono
298,1.0,ngehe mohan baskara ari lesmana vincent desta definisi cowo keren menurut gue
299,1.0,banyak kasus kaya gitu dok vincent desta jg kena dengar aj d trio kurnia belum yg masyarakat biasa
300,1.0,versi indonya iqbaal arbani yasiz vincent desta syp lg ya ko tbtb lupa
301,1.0,vincent desta danila riyadi refal hady herjunot ali tora sudiro ronald lukman sardi maudy ayunda ari irham
302,1.0,vincent desta stepi item babang tamvan andika
303,1.0,kalo mau nyebutin banyak nih terbaru paling gerombolannya vincent amp desta ga harus jadi orang event tapi kalo bisa ajak temen yg ga punya malu alias bisa diajak nyelinap ke backstage ajaran ajakan temen yg fans berat sid sampe kemarin nemuin langsung
304,1.0,vincent desta nycta gina duta so udh si kalo konser banyak
305,1.0,dedi cahyadi letto sheila on ardhito denny caknan febby putri coki muslim coldiac dzawin pee wee gaskins vierra jkt gangga tiara andini okin onad vincent desta
306,1.0,tonight show vincent desta
307,1.0,vincent desta
308,1.0,nama fans nya vincent desta
309,1.0,ini vincent desta
310,1.0,snu jaeung vincent desta
311,1.0,kalau jatuh ke lubang yang sama apa bahasa sundanya net ridwankamil rkjabarjuara jabarjuara indonesiajuara tonightshow sunda bahasasunda sundanese basasunda vindes vincent desta
312,1.0,selamat malam orang orang lemah malam ini akan ada yang akan mengibril bersama vincent amp desta sudah tayang di youtube vindes klik youtu be ibjki by yk vindes vincentanddesta
313,1.0,trio kurnia ketawa bareng sama bapak kocak vincent desta dan andre taulany deddy issues jadi lebih pintar karena dengerin podcast yang diisi sama om deddy ini
314,1.0,nadia omara vincent amp desta maling mamat keliling lankybox cocomelon
315,1.0,kalo tiba tiba komedi vincent desta
316,1.0,tadi banget abis mimpi vincent desta jadi tukang pempek keliling tapi teriaknya videoo videoo video demi apapun ngga ngerti samsek
317,1.0,random banget pikiran gw tapi kayaknya kalo junhan ketemu vincent desta atau kalo junhan di undang ke youtube nya vindes obrolan mereka bakal nyambung
318,1.0,vincent desta segala dibahas
319,1.0,i imagine if kingdom gets the chance to interview here they will feel father s jokes of vincent desta they are famous hosts and comedians in indonesia especially dann amp louis manifest gfent
320,1.0,ngak pernah terlintas di kepala ku sedikit pun kalo cravity bakal ngobrol sama vincent desta
321,1.0,vincent desta ngobrol sama cravity gak pernah kebayangg
322,1.0,never in my dream i d imagine cravity meeting vincent desta is this real like reaall
323,1.0,vincent amp desta
324,1.0,iqbaal om vincent amp desta disatu frame gbs move on dr konser inii
325,1.0,pengalaman nonton club s vincent desta sheila on noah dalam panggung yang sama
326,1.0,uck kalo host nya sekaliber vincent desta mungkin akan enak flow nya bahaya malah jadi bahan julid nanti
327,1.0,story gw diliat vincent desta aja seneng bgt dulu ketawa menit sambil ngasih tau keluarga sama temen hahahaha
328,1.0,supris untuk vivin dedes malam ini akan ada vincent desta show edisi spesial hut vindes kedua kami mengundang vivin dedes dari jakarta bandung solo untuk datang ke studio vindes telah tayang klik youtu be agx xwtevj vindes vindesyahutnihyee vincentanddesta
329,1.0,dulu waktu jaman aku jadi fans nya clubeighties aku cuman perlu beli cd original buat dapetin tandatangan vincent desta lembu clift sama sukma kalo mau stikernya beli majalah aneka yess sekarang aku mau ketemu taehyung harus investasi dulu sungguh perbedaan yang yahh
330,1.0,pernah denger vindes tapi lupa vincent desta nya ya gitu sama salah diagnosa sampe hrs operasi sampe akhirnya dia cek ke rs spore ternyata ga perlu sampe operasi dan diagnosanya beda jauh kalo w pribadi gapernah soalnya gapernah ke dokter kalau ga ranap
331,1.0,vincent desta
332,1.0,studio vincent desta show malam ini kedatangan salah satu pemenang dari pertandingan ganda tepok bulu lalu plis welkam sudah tayang di youtube vindes klik youtu be omrbmigfhzi vindes vincentanddesta
333,1.0,jadi inget cerita vincent yang selalu ikut abangnya mas cliff tiap kali ngumpul sama gank nya awal mula ketemu nya vincent desta gara si vincent ngintilin abang nya mulu tiap main
334,1.0,wkwkwkw aku bacanya pake nada vincent desta
335,1.0,coba belajar idealis kaya gini dari vincent desta deh
336,1.0,mungkin kalo ngobrolnya sama vincent desta sih bisa aja tu nanya ttg next step yg kaitannya g cuma berkutat di personal
337,1.0,of petojo otong koil pernah om di bahas di podcast nya vincent desta pas waktu dia kena santet trs di lakban kan sama dia ke perut krn bengkak trs ntar kempes sendiri haaa mau ngakak takut kena santet
338,1.0,dari komeng jerome polin prediksi vincent desta ampe fanny soegi wkwkwkwkwk emanf bener sih artis tuh jgn main twitter dah sakit hati sendiri nanti baca nyinyiran netizen
339,1.0,kurang vincent desta sama enzy aja
340,1.0,gimana caranya simak sobi dateng ke di hari jumat februari jam yang pasti ke booth mobbi dong foto videoin vincent amp desta lagi di booth mobbi post to igs tag id
341,1.0,nontonin konten vincent desta ngakak mulu sampe batuk sumpah ni orang kenapa lucunya natural sih
342,1.0,humorku sebatas nonton lala sama vincent desta
343,1.0,kalo liat mereka tuh kayak ngeliat vincent desta twitter com ildanhyukhae s
344,1.0,sukebak tuhh idenya dari gamenya vincent desta enji di tonight show gak tau sih bener apa enggak tapi tuh kayaknya dulu muncit pernah main sukebak juga deh yang asli twitter com at three am st
345,1.0,vdkate vincent desta suka ayam kate
346,1.0,vincent desta ini mah twitter com nctzenbase sta
347,1.0,fakta durian gajah yang dibahas vincent desta harganya jutaan jerome belum tahu nih vindes durian morn minggu pasundan jabarekspres com dur
348,1.0,makan yupi sambil nonton vincent desta dengerin lagu shawn mendes liat pidio tiktok kucing nonton mukbang tidur marathon drama nongkrong beli dimsum ke pecel lele bang jek
349,1.0,keren sama kayak vincent desta kayaknya hehe
350,1.0,jujur berasa nonton vincent desta
351,1.0,vincent desta adalah pelawak yang ga merasa dirinya pelawak asli komedi terus wkwk
352,1.0,pernah ketemu rossa rizki febian raisa yuki kato daniel mananta ryan ibram niki zefanya via valen feby rastanti gen halilintar vincent desta vierratale juga
353,1.0,nonton vincent desta adalah healing terbaik
354,1.0,vincent desta
355,1.0,alasan tidak menonton tonight show adalah kabita outfit yg dipake vincent desta brand brand yg diidamkan anak skate tapi mahal
356,1.0,vincent desta
357,1.0,instead of yg ga lucu mending yg lucu aj gua paling suka vincent desta enzy hesti udh paket lengkap
358,1.0,bahkan seorang maudy ayunda berkata demikian lo udah nonton vincent desta show bersama maudy kalo belum klik youtu be rfg uh oxwa vindes kutipetik
359,1.0,vincent desta kan memang bukan pelawak tapi presenter yang suka ngelawak ala tongkrongan hahaha
360,1.0,bintang emon surya insomnia vincent amp desta
361,1.0,vincent desta
362,1.0,vincent desta
363,1.0,vincent desta
364,1.0,beda selera kali coba sebut yang lucu menurut versimu mr bean komeng adul vincent desta para komika
365,1.0,vincent desta sih
366,1.0,shin bener gua aja suka snsd karena mereka lawak banget mereka lebih ke group lawak buat gua daripada girlband sama kayak gua suka vincent desta walaupun mereka punya band hahahaha terlalu sempurna malah ngebosenin
367,1.0,lu tp ga rumit ya hidupnya gila prestasinya banyak banget vincent vincent desta aja ampe terkagum ama maudy ayunda apalagi gua no words can explain how i adore her so much
368,1.0,id vincent desta
369,1.0,apa sih twitter stop nunjukin aku who to follow because i only follow my heart tapi nggak difollback hidup kadang begitu kadang raffi ahmad kadang gitasav kadang vincent desta
370,1.0,kalo vincent desta termasuk apaan
371,1.0,vincent desta andre juarak sih menghiburnya
372,1.0,maudy ayunda mba nana eh ini artis apa politisi ya pokonya itu deh deny wendy cagur vincent desta
373,1.0,di vindest di net apa di yt gt pokok y sama vincent desta
374,1.0,lu kenal vincent desta dari mane
375,1.0,vincent desta wkwkwkwk
376,1.0,tonight show vincent desta enzye hesti kita ganti seungkwan hoshi dokyeom dino kyk going bss hari ini bisa kali ya
377,1.0,iya lagi vincent desta vincent nya seungkwan desta nya
378,1.0,oufitnya vincent amp desta lah
379,1.0,bang jordan sama bang ghiyas cocok gantiin vincent desta lo jadi hesti ya yo mending gue jadi sofanya aja bareng kak tsabit di dudukin
380,1.0,bang jordan sama bang ghiyas cocok gantiin vincent desta lo jadi hesti ya yo mending gue jadi sofanya aja bareng kak tsabit
381,1.0,bang jordan sama bang ghiyas cocok gantiin vincent desta hmm tapi tetap tidak ada yang bisa menggantikan sosoknya yang indah
382,1.0,bang jordan sama bang ghiyas cocok gantiin vincent desta lo jadi hesti ya yo
383,1.0,bang jordan sama bang ghiyas cocok gantiin vincent desta
384,1.0,baju yang dipake vincent desta karna sama terus untuk season ini
385,1.0,vincent sean bukan vincent desta
386,1.0,waduh vincent amp desta lagi sepikap nih ke hrd ada yang punya solusi gak buat mereka
387,1.0,capek banget nonton vincent desta
388,1.0,hi vincent desta ga diajak
389,1.0,going seveteen nct dream txt ninghonggo manttapu vindes vincent desta
390,1.0,joget kunci stang vincent desta sing baru pweecaaah lucu pol wkwkwwmwkwk
391,1.0,malam ini sang rehat mampir ke vincent desta show jam tujuh malam klik youtu be thlqtnfdy buat nontonin vindes vincentanddesta
392,1.0,duo komedian vincent dan desta mengundang raffi ahmad sebagai tamu dalam video konten mereka terdapat momen yang unik dan lucu di video tersebut simak terus berita terupdate lainnya di mnc update vindes vincent desta raffiahmad nagitaslavina hotgossip mncupdate
393,1.0,perez tebas gt vincent desta
394,1.0,perez tebas gt vincent desta
395,1.0,apakah ini efek nonton vincent desta di segala channel utube sampai aku sering ngereceh terus
396,1.0,nulis lagu senja bisa ketemu vincent desta
397,1.0,trizki channel gak mungkin bro sekelas net tv minim anggaran the tonight show nya vincent amp desta saja tempo hari bisa ngundang seringai yang notabene adalah salah band indie termahal masa buat syuting ke tempat angker gk bisa
398,1.0,vincent desta
399,1.0,jongu tuh mood btt anaknya jd biar rame aja gitu dia kalo di indo udah join circle vincent desta
400,1.0,vincent gt desta
401,1.0,vincent gt desta
402,1.0,hai berhubung gw fans berat vincent desta dan semua yang udah terjadi gw masih syok parah gw akan mute kata yg ada desta ya
403,1.0,tiket k dapet kaos totebag bunga mawar fresh photocard oil serum eskopi abis diminum pas acara gak cuma nonton dikta aja tp ada vincent desta dudy eros puas banget ga nyesel lah ngeluarin rb buat me time terima kasih ya allah aku senang tuman nonton konser dewekan
404,1.0,iya si betul tp ak ngeliatnya emang pure bercandaan laki doang aku liatnya dia family man banget sesayang itu dia sama anak nya kalo ampe beneran slingkuh ak siap nonton pergelutan vincent desta krna vincent uda segitu terima kasih nya sama caca karna nyelametin desta tau deh
405,1.0,bio lo vindes tuh vincent desta gua kira artis barat fak
406,1.0,kok ada yaa orang ngefans sama vincent desta
407,1.0,definisi konser dikasih banyak bonus nonton masta bonus vincent desta sama eross
408,1.0,akhirnya bisa nonton vincent desta di bonus eross chandra dan dikta
409,1.0,bodohnya gua ngira vincent desta itu orang yg sama
410,1.0,lu ga pernah nonton yutub ya bang kok ga tau vincent vincent mah sahabat desta acaranya aja sampe dinamain vindes vincent desta ga mungkin kan vindes vincent deni siregar
411,1.0,soalnya gofar sendiri kalo desta ada tameng yg sgt kuat yaitu vincent percaya deh kalo ga ada vincent desta bukan siapa siapa
412,1.0,peaknya vincent desta itu ya tonight show studio lama
413,1.0,bonsernews com showbiz aku mah mendoakan yg terbaik aja buat mereka dan mengenang momen momen ini aja sebagai fans tonight show saya berterima kasih vincent desta udh bikin senyum caca jg makasih udh bikin hidup desta lumayan terarah
414,1.0,re tweet keras tags breaking news pak hary tanoe soedibjo full booked johnny g plate kemenkeu natasha rizki vincent desta biaya admin botuna desta putri kw caca jenkai sudirmancup
415,1.0,tag chris martin vincent desta natasha rizki caca botuna garuda muda hah beneran dapet breaking news fast x morgan cat cat biaya admin pa tahun dino pink hair my my brand power jin coldplay argentina indonesia
416,1.0,mimpi semobil sama vincent desta trus desta nyeritain alesan kenapa gugat cerai caca wkwkw
417,1.0,berkat ganjar penghargaan pembangunan daerah ppd kembali diraih provinsi jawa tengah di tahun ini vincent desta botuna cat
418,1.0,chris martin vincent desta natasha rizki botuna garuda muda hah beneran dapet breaking news fast x morgan cat cat caca biaya admin tahun dino pink hair my my brand power jin coldplay argentina indonesia
419,1.0,jennie taehyung dating taennie vincent desta natasha rizky botuna dapet caca morgan kaget komang chris martin biaya admin tahun cat fast x dino pink hair garuda muda breaking news argentina kaget coldplay indonesia
420,1.0,enzy udah punya pacar kalau lu penggemar tonight show pasti tahu kalau vincent desta sering mancing enzy buat spill pacarnya yang di amerika
421,1.0,vincent desta cerai natasha rizki atau natasha rizki cerai desta botuna bocah tua nakal
422,1.0,terimakasih kejaksaan telah menyelamatkan uang rakyat dari pencurian johnny g plate pa fast x natasha rizki morgan rizky ridho vincent desta
423,1.0,komitmen pemerintah berantas korupsi tidak ada tooleransi pa fast x natasha rizki morgan rizky ridho vincent desta
424,1.0,fakta dan bukti berbicara tidak ada kriminalisasi dalam kasus johnny g plate pa fast x natasha rizki morgan rizky ridho vincent desta
425,1.0,padahal lagi sering seringnya nonton vincent desta
426,1.0,semua kekeselan ini bermula dari bercanda spontan uhuy malah disautin jokes vincent desta
427,1.0,duuuhhh ga sabar nonton aksi om tom cruise mission impossible vincent desta morgan
428,1.0,botuna tahun kaget biaya admin morgan natasha rizki dapet marselino fast x breaking news pa dino pink hair jongkok garuda muda cat real madrid cat zhang hai st look cat brand power jin vincent desta refresh jeketiselcaday manchester city
429,1.0,re tweet keras tags breaking news pak hary tanoe soedibjo full booked johnny g plate kemenkeu natasha rizki vincent desta biaya admin tabletrasalaptop seagames
430,1.0,pliss gue gabisa kalau udh maslaah nya tentang kluarga tonight show gini ni vincent desta hesti enzy
431,1.0,vincent desta bajingan
432,1.0,johnny g plate tertangkap akankah surya paloh menepati janjinya membubarkan nasdem pa fast x natasha rizki morgan rizky ridho vincent desta
433,1.0,youtu be sldeovmsqo vincent desta garuda muda fast x
434,1.0,youtu be uk ov f xdm pa fast x garuda muda vincent desta
435,1.0,genjot indeks persepsi korupsi pemerintah tancap gas bersih bersih kementerian lembaga akurat co genjot indeks pa fast x natasha rizki morgan rizky ridho vincent desta
436,1.0,vincent desta natasha rizki dapet botuna morgan cat kaget biaya admin fast x garuda muda pa breaking news cat cat hogwarts kemenkeu christ martin akane sehun jongkok twitter com dumdummentai s
437,1.0,genjot indeks persepsi korupsi pemerintah tancap gas bersih bersih kementerian kumparan com kumparannews g pa fast x natasha rizki morgan rizky ridho vincent desta
438,1.0,plate ditahan pemerintah genjot indeks persepsi korupsi dengan bersih bersih kementerian lembaga wartakota tribunnews com pla pa fast x natasha rizki morgan rizky ridho vincent desta
439,1.0,yg bucin mah vincent desta biasa aja sih
440,1.0,vincent desta amp natasha rizki trending di twitter tp nyampah komennya di ig mereka
441,1.0,aqeela daily kebun binatang mini bogor youtu be ogosuqy jqu via vincent desta natasha rizky botuna dapet caca morgan kaget komang chris martin biaya admin tahun cat cat cat cat pa fast x dino pink hair garuda muda hah beneran coldplay indonesia
442,1.0,vincent desta natasha rizky caca morgan bisma rafael smash komang biaya admin tahun cat cat cat cat pa fast x dino pink hair garuda muda indonesia coldplay chris martin botuna dapet kaget marselino brand power jin
443,1.0,resmikan rumah pembauran kebangsaan pertama di indonesia ganjar karena kita bersaudara vincent desta natasha rizki fast x botuna manchester city tahun morgan biaya admin cat garuda muda kaget dapet pa real madrid cat breaking news cat
444,1.0,vincent desta breaking news beli di bukalapak lebih praktis dan aman bukalapak com p rumah tangga
445,1.0,pak ganjar terbaik untuk indonesia rakyat siap mendukung vincent desta natasha rizki fast x botuna manchester city tahun morgan biaya admin cat garuda muda kaget dapet pa real madrid cat breaking news cat
446,1.0,vincent desta natasha rizki cat botuna mabuk capt morgan dg gaya doggy ada yg bisa memuaskan hasrat vcs anakuniqlo
447,1.0,t vincent desta natasha rizki botuna cat dapet tahun fast x cat cat morgan garuda muda kaget pa biaya admin seungkwan dino pink hair cat cat komang niki wts wts wasit timnas headsets alhamdulillah ya allah kejagung run to you dapet lee jeno thank you
448,1.0,temukan kadonio kipas angin mini portable usb cas karakter dapat digunakan sebagai dudukan ponsel kl fn dengan potongan hanya rp shope ee a nnybsq sha shopeeid morgan vincent desta full booked botuna
449,1.0,vincent desta morgan natasha botuna piknik aja drpada stres dan berakhir cerai magelang jogja ready manut selalu
450,1.0,chris martin vincent desta natasha rizki botuna garuda muda hah beneran kaget dapet breaking news fast x morgan morgan cat caca biaya admin tahun dino pink hair my my brand power jin coldplay argentina indonesia garuda muda shope ee pkkdzmval
451,1.0,alhamdulillah ya allah punya uang segini di depositokan tiap bulan labanya berapaan ya natasha rizki vincent desta caca botuna morgan tahun garuda muda fast x pa
452,1.0,tahun vincent desta niki komang caca dapet sananta open vcs bertarif udah ready yah
453,1.0,buka trending vincent desta yg keluar malah cwe ga punya baju
454,1.0,chris martin vincent desta natasha rizki botuna garuda muda hah beneran dapet breaking news fast x morgan cat cat caca biaya admin tahun dino pink hair my my brand power jin coldplay argentina indonesia hp nokia flip shope ee pvqconylu sha
455,1.0,jangan lupa makan guys tag chris martin vincent desta natasha rizki caca botuna garuda muda hah beneran dapet breaking news fast x morgan cat cat biaya admin pa tahun dino pink hair my my brand power jin coldplay argentina indonesia
456,1.0,chris martin vincent desta natasha rizki caca botuna garuda muda hah beneran dapet breaking news fast x morgan cat cat biaya admin pa tahun dino pink hair my my brand power jin coldplay argentina indonesia shope ee p n chi sha
457,1.0,katanya sih ini tempat galaunya warga pekanbaru udah pernah sampe sini ndak vt rudi saputraa gema kampar kabarpekanbaru wisatariau kampar riau nature sound mood booster natasha rizki vincent desta caca botuna morgan tahun garuda muda fast x pa
458,1.0,vincent desta botuna kaget liat komang dapet caca yg mau order vcs cek whatsapp dibio ya vcs
459,1.0,yang jual diri bisa minggir dulu ga sih gue mau tau kenapa vincent desta morgan trending
460,1.0,chris martin vincent desta natasha rizki botuna garuda muda hah beneran dapet breaking news fast x morgan cat cat caca biaya admin tahun dino pink hair my my brand power jin coldplay argentina indonesia racunshopee racunshopeecheck shopeehaul
461,1.0,chris martin vincent desta natasha rizki botuna garuda muda hah beneran dapet breaking news fast x morgan cat cat caca biaya admin tahun dino pink hair my my brand power jin coldplay argentina indonesia helm hijab shope ee krbgibrtn sha
462,1.0,terimakasih garuda muda seagames ga kaget atas hasil yang diperoleh melihat mental juara timnas indonesia tahun tags kaget sama berita desta semoga selalu baik baik dari kecil suka banget liat vincent desta di mtv bujang airlanggahartarto golkarindonesia
463,1.0,capres idaman yang membela rakyat ini tanggapan jokowi dari beberapa capres yang maju vincent desta natasha rizki breaking news botuna garuda muda fast x caca pa biaya admin manchester city
464,1.0,irawan me menu rice bowl menu rice bowl kekinian anti galau sosok untuk buka usaha vincent desta botuna biaya admin caca cat natasha rizki morgan dapet cat bisnis bisnisupdate makanan
465,1.0,perasaan kemarin waktu live di vindes bareng crew club s vincent desta seperti biasanya tu kok tiba tiba gini ya gak nangka
466,1.0,vincent desta natasha rizki cat botuna morgan caca cat garuda muda biaya admin cat fast x zhang hao my my dino pink hair kaget brand power jin dapet cat seungkwan kaget dapet breaking news tahun komang pa run to you cat mobil remote shope ee a l uiepi sha
467,1.0,siap poto konser vincent desta
468,1.0,desta menggugat cerai sang istri natasha rizki gugatan diajukan ke pengadilan agama jakarta selatan pada mei natasha rizki vincent desta caca botuna morgan
469,1.0,lembaga survei charta politika indonesia mengungkapkan ganjar pranowo dinilai sebagai tokoh yang paling layak untuk meneruskan kerja joko widodo jokowi vincent desta botuna natsharizki
470,1.0,natasha rizki vincent desta botuna kemenkeu an offer
471,1.0,budaya indonesia maju terus dan pertahankan budaya kita kita indonesia vincent desta natasha rizki breaking news botuna garuda muda fast x caca pa biaya admin manchester city
472,1.0,banyak kalangan menaruh harapan untuk ganjar itu untuk indonesia kedepan ganjar menang vincent desta natasha rizki breaking news botuna garuda muda fast x caca pa biaya admin manchester city
473,1.0,sebagai fans vincent desta juga subscriber vindes serta penonton setia tonight show sedih anjir baca ini tonight show bisa bisa beneran bungkus mana enzy mau stay di eropa eh desta cerai dan pastinya berdampak ke performa rating tns mana kemaren kpi negur net pula
474,1.0,breaking news nasdem panik johnny g plate kader nasdem ditetapkan sebagai tersangka kasus korupsi oleh kejagung nasdem makin nyungsep xixi nasdempanik viral fyp fyp vincent desta natasha rizki garuda muda caca
475,1.0,sejauh mana bagusnya hilirisasi di indonesia bicara itu dari jokowi dan ganjar vincent desta natasha rizki breaking news botuna garuda muda fast x caca pa biaya admin manchester city
476,1.0,breaking news vincent desta morgan
477,1.0,bukan masalah gimana caca desta dan vincent desta tajir caca cantik vincent punya keluarga sendiri mereka bakalan mudah menjalani hidup tapi inget ada trio strong yg jadi korban ke egoisan kalian selaku orang tua yg samai kapanpun gak akan bisa terima nasib mereka
478,1.0,anies wong sekewet macam kapot dak ado otaknyo wong sampah idak galak dipilih yo vincent desta natasha rizki breaking news botuna caca biaya admin
479,1.0,vincent desta cerai natasha rizki atau natasha rizki cerai desta botuna bocah tua nakal
480,1.0,inspirasi outfit buat nongkrong a thread tag vincent desta botuna fast x garuda muda
481,1.0,bisa bisa hancur negara kalau dipimpin anies si raja ngibul sok sok an mau jadi presiden urus jakarta aja hancur amburaadul vincent desta botuna breaking news natasha rizki fast x biaya admin
482,1.0,ini orang perusak demokrasi dan pembuat gaduh di negeri ini bawa politik identitas untuk menipu ummat sungguh bejatnya sikapmu anies vincent desta natasha rizki botuna fast x pa
483,1.0,bappenas ri memberikan penghargaan kepada jateng sebagai provinsi terbaik pertama dalam penghargaan pembangunan daerah ppd menangtotal vincent desta breaking news garuda muda botuna argentina natasha rizki
484,1.0,pengamat politik ipi menilai pernyataan jokowi dalam musra tentang sosok ideal untuk menjadi pemimpin indonesia ke depan erat kaitannya dengan ganjar menangtotal vincent desta natasha rizki botuna garuda muda pa argentina
485,1.0,desain kamar tidur minimalis by dekori tag vincent desta breaking news rumah kamartidur desain rumah
486,1.0,gue ngefans ama vincent desta tapi beneran beritanya anjing ya lu desta nyia nyiain cewe sesempurna natasha rizky
487,1.0,gasuka ngurusin hidup nya para artis tpi klo udah anggota tonight show vincent desta hesti enzy lain cerita
488,1.0,cowo kyk vincent desta amp sirkel nya itu sebenarnya ga cocok buat nikah cocoknya jdi sigma male don ala the godfather aja
489,1.0,yang lain aja si jangan vincent desta
490,1.0,kirain cuma gw yang beranda yt shorts nya isinya potongan klip vincent desta di acara tv dan paling banyak potongan videonya si doi yg genit klo ada bintang tamu cewe wkwk makanya ga kaget
491,1.0,vincent gt desta all the way sih semenjak tahu cerita spill doi soal kelakuannya di radio udah gak ada respect sama dia
492,1.0,masih ada pak vincent desta
493,1.0,makaaannn trus lihat podcast nya vincent desta
494,1.0,surya insomnia darto vincent desta omesh
495,1.0,vincent desta raditya dika arie kiting
496,1.0,itu orangnya mau gua jadi parto andre wendy vincent desta kayaknya gua mah bisa bisa aja
497,1.0,heyhooooo kabar gembira buat para ladies area yk mas tata kita bakal ada panggung di jogja besok mei di asha akasa ditemenin sama vincent amp desta buat yang pengen beli tiket pantengin terus akun khh akan ada kejutan menarik gt gt gt gt gt
498,1.0,spesial didatangkan untuk membongkar cerita cerita vincent amp desta terdahulu bersama para keker apatuh keker kerabat kerja club s sudah tayang di youtube vindes klik youtu be v icp lcby vindes vincentanddesta
499,1.0,crew club s saksi masa masa vincent desta di club s indah atau kelam jadi gini cerita vincent amp desta waktu masih di club s vindes vincentanddesta youtube com watch v v icp
500,1.0,krna vincent desta sama pak andre gamau
501,1.0,gila kenapa cowo skrg ya si fandy ngikutin christian sugiono emang suami idaman ter the best sih pastinya vincent desta dan kurt cobain
502,1.0,maybe unpopular kombo sule andre tuh lebih lucu andrenya kombo vincent desta lebih lucu vincentnya pendapat pribadi aja sih ini
503,1.0,ya bener sih kirain vincent desta
504,1.0,andre dulu pernah bilang pengen bikin duo ama susu dele seperti vincent desta tp gak jd kata andre susu dele nggak mood an sdh nggak klik
505,1.0,aku aja kl nti nikah mo nanggap adelle kl mc mau vincent desta
506,1.0,au ah gua ngestan vincent desta aja
507,1.0,kata gua kita ngebias vincent desta aja cha
508,1.0,vincent desta versi korea
509,1.0,sugita ama nakamura yuichii itu literally vincent desta
510,1.0,seoksoon vincent desta mengvalid sih
511,1.0,vincent amp desta x efek rumah kaca cinta melulu tiba tiba suddenly rek youtu be zcyegnkrtmc cinta melulu
512,1.0,i vote lyodra ivote bunda corla i vote boy william i vote vincent desta
513,1.0,iqbaal ramadhan gugup ditunjuk jadi host program baru vincent desta tabloidbintang com berita
514,1.0,vindes media hadirkan kolaborasi lintas generasi fenomenal iqbaal ramadhan dan vincent desta dlvr it snp ty
515,1.0,iqbaal ramadhan digaet vincent desta jadi host program bertema an dlvr it snmrlh
516,1.0,padahal vincent desta itu band nya clubeighties bikin konten an pemerannya anak yg lahir tahun random
517,1.0,vindes media hadirkaan kolaborasi lintas generasi fenomenal iqbaal ramadhan dan vincent desta dlvr it snlzph
518,1.0,ini cuma ada vincent desta sih tp belakang nya seventeen nemu di tl fotonya
519,1.0,ehh ini bukannya yg di undang di channelnya vincent desta bukan sih toi gw ga tau namanya
520,1.0,sule andre vs vincent desta
521,1.0,hp iphone jatoh aja cuma disingkirin kepinggir jalan gada yg ngambil kemaren liat video vincent desta sama haruka
522,1.0,vincent desta enzy
523,1.0,bener kayak vincent desta dah sumpah wkwkwkwk
524,1.0,vincent desta cardib
525,1.0,vincent desta
526,1.0,vincent desta
527,1.0,yang pertama duet setyawan tiadatara dan kelik pelipurlara dan duet topan lesus yg lama gak nonton ya kelik dan setyawan yg di tonton vincent desta hesty enzy pemain lapor pak
528,1.0,vincent desta
529,1.0,vincent desta
530,1.0,vincent amp desta
531,1.0,pantesan ya sekarang gue suka seoksoon orang dulu gue suka vincent desta
532,1.0,ingpo gk penting karena sudah ditemukan vincent desta seoksoon gw hrs cari pairing lain
533,1.0,terus aduh si vincent desta seoksoon keleewataaannn mnrt gwwwww
534,1.0,kirun dan bagio sule vincent desta andre
535,1.0,kata gw sih mending kita jadi vincent desta
536,1.0,andre sule vincent desta abdel temon adul komeng seok soon
537,1.0,beneran vincent desta
538,1.0,pelawak pertama kang sule udah lama gak di tonton warkop dki sekarang sering ditonton vincent desta sama surya insomnia
539,1.0,anya geraldine dtg ke podcast vincent desta gak mandi tetep cantik
540,1.0,aduh gapapa bgt sumpah mau sule andre vincent desta topan lesus daesung riri shindong eunhyuk aku bakalah suka bgt sama markgem
541,1.0,di film ini ada vincent desta
542,1.0,minimal kelakuannya kaya vincent desta
543,1.0,vincent desta dupe
544,1.0,semoga ybba bisa seseru vincent desta hesti enzy bahkan lebih dan semoga kita bisa saling melindungi menjaga silaturahmi semoga juga pertemananya panjang umur dan kita semakin dekat seperti keluarga aamiin
545,1.0,keahlian vidi bulle bikin vincent desta ngakak youtube com watch v byhok
546,1.0,i would say vincent desta since sule is kinda problematic
547,1.0,vincent desta hesti enzy
548,1.0,vincent desta enzy hesti
549,1.0,vincent desta enji hesti
550,1.0,hesti enzy vincent desta kadang ada danang
551,1.0,wawancanda ebel cobra terima kasih vincent desta youtu be q bfefy ze via
552,1.0,wawancanda ebel cobra terima kasih vincent desta youtu be q bfefy ze
553,1.0,vincent desta
554,1.0,vincent desta gak sih
555,1.0,vincent desta korean ver
556,1.0,vincent desta sih
557,1.0,vincent desta cabang korea
558,1.0,bisa aja dah ah vincent desta
559,1.0,pruk prediksi jaya jaya jaya club motornya vincent desta dkk
560,1.0,om om paling menarik di indonesia cuma vincent desta sama gading
561,1.0,ahmad dhani punya f x y dan kenapa hidrogen perklorat ditabrak vario mengucapkan selamat idul fitri garis lurus bersinggungan terbaik dewa vincent desta bawa bejana kopi v silverqueen kenapa dia bisa tiba tiba tenis sparta telaga gudeg
562,1.0,kemarin paman datang pamanku vincent desta
563,1.0,tonight show vincent amp desta
564,1.0,kagak lihat vincent desta gue
565,1.0,vincent desta orang kok gimik terus heraaaaaan youtube com watch v t op
566,1.0,lucuan vincent desta
567,1.0,vincent desta anjg bukan bokep
568,1.0,gw berarti gamimpi pas tidurbsetel vincent desta dan scroll tiktok
569,1.0,ini kok feeling gue vincent desta sebenernya ditawarin film ini juga ya ofc mereka nolak i mean majority castnya temennya semua bjir
570,1.0,my name is vincent and i can t tell you how many times i corrected my own names for a few times i had to say itu lho kayak vincent desta di tv but it doesn t help much
571,1.0,taeil johnny vs vincent desta
572,1.0,satu tingkat diatas vincent desta
573,1.0,emang gampang biar diurus vincent desta gak semudah ketikanmu cabang olahraga ini sarat bisnis dan kuasa
574,1.0,tenis meja bisa gk biar di urus vincent desta waktu gelar pertandingan antara abdel dan desta seru juga itu dan waktu itu juga ada kritikan terhadap pengurusan tenis meja juga
575,1.0,cinlok di vincent desta agency a thread
576,1.0,komi sisen dan baca komiknya juga se en zodiac madoka magia mushoku tensei summer time rendering suzume no tojimari batman the dark night pretty boys yang vincent desta miracle in cell no yang indo avengers end game dan film mcu sebelumnya demon slayer baca komik
577,1.0,enga jawab vincent desta aja bang
578,1.0,humor bnr ni psngan kyk vincent desta
579,1.0,harusnya youtube om youtube vincent desta show show show biar kaya iyeb
580,1.0,kerja dimana skrg di vindes om apaan tuh youtube om youtube vincent desta oh kayak youtuber gitu yah
581,1.0,vincent desta itu kalo nyanyi bon jovi liriknya diganti
582,1.0,lucunya sebanding sama vincent desta
583,1.0,vincent desta mn
584,1.0,k henry batman vincent desta cliff lembu ytonk
585,1.0,dbd lembu ytonk henry batman vincent desta cliff
586,1.0,dbd henry batman vincent desta cliff lembu ytonk
587,1.0,dbd henry batman vincent desta cliff lembu ytonk
588,1.0,h s henry batman vincent desta cliff lembu ytonk
589,1.0,mana duet terlucu menurut kalian komeng amp adul vincent amp desta andre amp sule maguire amp de gea
590,1.0,mungkin dia gak ngerti arti dari keluar dari zona nyaman kalo konsep nya gitu doang gimana perusahaan mau maju mana sekarang saker nya tambah banyak kan vincent desta pernah bilang kalo saker sejatera dan makmur mereka senang dan bahagia yg ngerti filosofi nya pasti tau
591,1.0,justru itu gk sih tujuannya secara korporasi kl cuma ngandelin figur vincent desta doang bisa brp lama emangnya bakal terus an tampil jd gk berkembang amp gk sustainable sama kyk close the door mulai ada segmen lain invest di channel lain
592,1.0,halo aku pernah liat akun kamu juga omg daripada sule andre mending kita vincent desta
593,1.0,vincent desta
594,1.0,kemarin paman datang paman ku vincent desta
595,1.0,renhyuck penerusnya vincent desta wbk
596,1.0,butuh temen kek vincent desta
597,1.0,youtube jela hiburan selain netflix sbb jarang nonton tv my favorite show tonight show vincent desta tp ra aku suka anak nya
598,1.0,vindes vincent desta
599,1.0,gw mo nontonin vincent desta aja lucu
600,1.0,ketemu vincent desta di tonight show kalo di yt tv lucu aslinya lebih lucu anj sampe digendong om vincent goyang bareng om desta
601,1.0,kurang vincent desta aja nih wkwk
602,1.0,vincent desta sih jelas
603,1.0,marcell vincent desta
604,1.0,wendy surya ato vincent desta
605,1.0,looks like they have vincent desta chemistry
606,1.0,lagian itu ber lucu bgt kayak vincent desta
607,1.0,sekali kali jadi c mau bro atau bestie rent yang bisa cosplay vincent desta atau andre rina nose not in rush ya
608,1.0,ndha vincent desta darto andre dll kayaknya anggota prediksi itu
609,1.0,vincent amp desta
610,1.0,malam ini ada wanita dengan paket lengkap yang mampir ke vincent desta show tidak lain dan tidak bukan nagita slavina sudah tayang di youtube vindes klik youtu be juv ge bq vindes vincentanddesta
611,1.0,vincent desta gocek gocipin cepak bola
612,1.0,batas boyband sing kancane vincent desta nsync storia tet
613,1.0,kok mau mauan di undang vindes subuh subuh bang duo kocakk vincent desta wkwk
614,1.0,baju kokonya vincent desta tjakep deh
615,1.0,jihyo mirip sama cewek yang sama vincent desta tuh siapa lupa namanya
616,1.0,ngerri vincent desta
617,1.0,coki muslim dan vincent desta sama sama pernah kena kasus hukum kapok youtu be ejpdcr svg via
618,1.0,vincent gt desta
619,1.0,demi alllah random bgtt tbtb join bukber komunitas vindes alias fans vincent amp desta mana ada acara tuker kadoo gue dpt cokk mereka seru pecah abisss mff emot nangis smw tp asliny seneng ko
620,1.0,tuh denger kata habib gntm suga afhs thepassion whereispushpa agustd bursa tonightshow vincent desta habibjafar manchesterunited
621,1.0,cak lontong dodit wendy cagur andre taulany vincent desta
622,1.0,gara gara nonton vincent desta nih jadi paham spontan uhuy
623,1.0,coki muslim x vincent desta
624,1.0,ngakak vincent desta rl kan maksudnya
625,1.0,kok belum ada replies atau qrt vincent amp desta ya
626,1.0,gue suka vincent desta
627,1.0,vincent desta adalah cikal bakal coki muslim youtube com watch v ejpdcr
628,1.0,kalo puasa keingetan main sawityowit sm vincent desta anjir tahun berapa ya itu ktknya gua smp dah wkskwk tua bgt
629,1.0,waktu masih vincent amp desta show with hesty enzy mana bintang tamunya itu itu terus
630,1.0,kalo di indo udah diajak gabung sama vincent desta gaksie
631,1.0,junan cover nirvana nan lu harus ketemu vincent desta sih kata akuu nyambung bangetttt pasti obrolannya
632,1.0,sekarang tiap denger lagu naff yang ini selalu nyanyi pake liriknya vincent desta anjir open spotify com track n rplkk
633,1.0,wkwkwkwkwkwkwkwkkwkwkwkwkw lucu banget taeeee coki muslim dan vincent desta sama sama pernah kena kasus hukum kapok youtube com watch v ejpdcr
634,1.0,ahmad dhani vincent desta
635,1.0,vincent desta dipecat dari mtv bujang gara gara ngeledek logo globaltv
636,1.0,bang gue ngarep banget bisa liat lu jadi komentator kayak vincent desta gara ini
637,1.0,minions gue rasa ikutnya vindes sport nanti lawan vincent desta
638,1.0,vincent desta oomleo ebel marshel indra jegel mami nunung chef norman chef willgoz chef martin
639,1.0,vincent desta hesti enzy om leo dan bu sisca
640,1.0,vincent desta sule andre mnurut gw setelah alm olga komeng adul
641,1.0,vincent desta
642,1.0,ibarat vincent desta vincent cuma kasih lambungan jokes sedikit aja desta pasti paham dan masuk ke jokesnya beda cerita klo vincent partneran sm irfan hakim atau raffi ahmad pasti kurang jot harusnya bisa ngeliat itu dr para member
643,1.0,vincent desta sudah meramal ini dari jaman dulu youtu be hmcu jhs a
644,1.0,acg aku cinta gunung vincent amp desta naik gunung eiger youtu be m dxllcmeuo via
645,1.0,vincent desta
646,1.0,punk pemuda urakan namun kreatif kalo kata vincent desta
647,1.0,lawakan mereka tuh kyk gimmick vincent desta bgtt
648,1.0,oalah tau tau egk mw mending sm vincent desta
649,1.0,geng motor nya vincent desta
650,1.0,vincent desta onald surya indra jegel boris bokir
651,1.0,mang syp si kan vincent desta ak egk tw gomen
652,1.0,bukan vincent desta bjier
653,1.0,verified senin artinya vincent desta show yang malam ini bersama jeriko panggabean ialah sahabat lama vincent apakah yang akan dibongkar dan terbongkar tongton dan saskikan di youtube vindes sekarang klik youtu be q meuzbca u vindes vincentanddesta
654,1.0,vincent desta cabang korea
655,1.0,diprank ini ada vincent desta di jerman youtube com live fdhdkctm vindes ramadanbarengvindes
656,1.0,opini pribadi saya nih ga seseru tahun kemarin vincent desta malah minim keliatan saya cuma nonton hari pertama itu juga ga sampe kelar
657,1.0,sahabat sejati vincent desta minggirrrrrrrrrrrr
658,1.0,tmi hari ini ada new performance dari jikmin di the tonight show punya jimmy fallon bukan punya vincent desta ya hati hati penipuan
659,1.0,vincent desta kece banget dah kacauuu
660,1.0,z channel youtube nya vincent desta kalo buka puasa ada acaranya terus ada adzan nya yg adzan dikta
661,1.0,kenapa hostnya bukan vincent desta
662,1.0,klo hesti vincent desta dan enzy liat ini pasti pada heboh eh eh eh siapa tuh siapa tuh
663,1.0,knp di bukber gak ada vincent desta nya
664,1.0,termasuk vincent desta dong yes loyalis beliau yang masuk kategori dekat dengan pemuda amp olahraga mengingat rekam jejak abdee slank yang bisa jadi komisaris bumn yekan
665,1.0,mau berterimakasih sama om vincent desta makasih banyak udah hadir di dunia dengan membawa banyak kecerian dan kebahagian pada semua orang termasuk aku salah satunya udah jadi tempat kalo lagi sedih udah nemenin ngerjain tugas laporan di tiap tiap malemnya
666,1.0,oomleo circle nya keren gak alay kaya ditho gue pernah bukber bareng goodnight electric goodfriends vincent desta di tebet yg emang kebetulan mereka sohib
667,1.0,sambut ramadan vincent desta punya progam ramadan bareng vindes dlvr it sldr k
668,1.0,ts wkwkwk minta maaf sama aku ya kak aku penggemar vincent desta hesti enzy
669,1.0,terakhir kapan ya nonton tonight show padahal duluu ga pernah absen nonton vincent desta sekarang udah hampir ga pernah paling cuma sekilas lihat cuplikan nya di tiktok
670,1.0,pagi gue udah nangis banget liat vincent desta
671,1.0,iki lucu banget ekspresi vincent desta
672,1.0,imagine vincent amp desta invite them to tonight show
673,1.0,i can see b amp e in vincent amp desta
674,1.0,malam ini vincent amp desta kedatangan seseorang mutiara dari timur yang adalah tonton keseruan obrolannya di youtube vindes meluncur sudah tayang youtube com watch v sxbxt vindes vincentanddesta
675,1.0,bisa aja nih vincent desta
676,1.0,vincent desta komedia ga sie pokonya mreka terlucu dah menurut ku
677,1.0,jimin fallon acaranya vincent desta
678,1.0,iya bener vincent desta
679,1.0,jimin fallon tonight show vincent desta
680,1.0,tapi tonight show vincent desta emang terinspirasi dari typical us talkshow sih makanya vibesnya mirip
681,1.0,kaget gue kira beneran ke vincent desta
682,1.0,anjweengg ketawa bgttt plissss vincent desta gak tujhh
683,1.0,acara vincent desta
684,1.0,bayangin aja keacara vincent desta suatu saat nanti
685,1.0,vincent desta
686,1.0,vincent desta om leo
687,1.0,yes in indonesia we have vindes vincent amp desta like d amp e both came from same group and have best chemistry they started from a show on mtv and now they have their own youtube chnl i also hope our d amp e will have their own chanel in the future coz they re so good together
688,1.0,vincent amp desta enak banget dapet endorse dari eiger untuk langsung naik gunung di swiss
689,1.0,vincent from vindes vincent desta iya apa iya
690,1.0,vincent amp desta
691,1.0,gwendeng semalem ak mimpi ada vincent desta ada dirumah trs maen ke kamar dh kek sodara kandung sendiri woyyyy rasae kek nyata dan pas mimpi itu ngira mimpi tp ternyata nyata paham g si pdhl mimpi yaallahhhhh
692,1.0,dochi sadega vincent desta masih suka bingung kan apa itu musik bergenre pop punk nah dochi orang yang tepat untuk menjabarkan semua itu
693,1.0,zara udah bukan jkt main ke vincent amp desta show malam ini sudah tayang di youtube vindes klik youtu be qijfdolxjxg vindes vincentanddesta
694,1.0,ada yg udh liat video sy tanding bola pimpong bareng vincent desta andre dan dikta klo blm yuk langsung ke channel youtube nya vindest
695,1.0,yang host vincent desta ya
696,1.0,rony ini kayaknya sering nonton tonight show jokes sama gimmick nya mirip vincent desta orang kok lucu terus wkwkwk
697,1.0,logo kui inspiratif nyatane vincent desta melu logone ngono
698,1.0,ngehe mohan baskara ari lesmana vincent desta definisi cowo keren menurut gue
699,1.0,banyak kasus kaya gitu dok vincent desta jg kena dengar aj d trio kurnia belum yg masyarakat biasa
700,1.0,versi indonya iqbaal arbani yasiz vincent desta syp lg ya ko tbtb lupa
701,1.0,vincent desta danila riyadi refal hady herjunot ali tora sudiro ronald lukman sardi maudy ayunda ari irham
702,1.0,vincent desta stepi item babang tamvan andika
703,1.0,kalo mau nyebutin banyak nih terbaru paling gerombolannya vincent amp desta ga harus jadi orang event tapi kalo bisa ajak temen yg ga punya malu alias bisa diajak nyelinap ke backstage ajaran ajakan temen yg fans berat sid sampe kemarin nemuin langsung
704,1.0,vincent desta nycta gina duta so udh si kalo konser banyak
705,1.0,dedi cahyadi letto sheila on ardhito denny caknan febby putri coki muslim coldiac dzawin pee wee gaskins vierra jkt gangga tiara andini okin onad vincent desta
706,1.0,tonight show vincent desta
707,1.0,vincent desta
708,1.0,nama fans nya vincent desta
709,1.0,ini vincent desta
710,1.0,snu jaeung vincent desta
711,1.0,kalau jatuh ke lubang yang sama apa bahasa sundanya net ridwankamil rkjabarjuara jabarjuara indonesiajuara tonightshow sunda bahasasunda sundanese basasunda vindes vincent desta
712,1.0,selamat malam orang orang lemah malam ini akan ada yang akan mengibril bersama vincent amp desta sudah tayang di youtube vindes klik youtu be ibjki by yk vindes vincentanddesta
713,1.0,trio kurnia ketawa bareng sama bapak kocak vincent desta dan andre taulany deddy issues jadi lebih pintar karena dengerin podcast yang diisi sama om deddy ini
714,1.0,nadia omara vincent amp desta maling mamat keliling lankybox cocomelon
715,1.0,kalo tiba tiba komedi vincent desta
716,1.0,tadi banget abis mimpi vincent desta jadi tukang pempek keliling tapi teriaknya videoo videoo video demi apapun ngga ngerti samsek
717,1.0,random banget pikiran gw tapi kayaknya kalo junhan ketemu vincent desta atau kalo junhan di undang ke youtube nya vindes obrolan mereka bakal nyambung
718,1.0,vincent desta segala dibahas
719,1.0,i imagine if kingdom gets the chance to interview here they will feel father s jokes of vincent desta they are famous hosts and comedians in indonesia especially dann amp louis manifest gfent
720,1.0,ngak pernah terlintas di kepala ku sedikit pun kalo cravity bakal ngobrol sama vincent desta
721,1.0,vincent desta ngobrol sama cravity gak pernah kebayangg
722,1.0,never in my dream i d imagine cravity meeting vincent desta is this real like reaall
723,1.0,vincent amp desta
724,1.0,iqbaal om vincent amp desta disatu frame gbs move on dr konser inii
725,1.0,pengalaman nonton club s vincent desta sheila on noah dalam panggung yang sama
726,1.0,uck kalo host nya sekaliber vincent desta mungkin akan enak flow nya bahaya malah jadi bahan julid nanti
727,1.0,story gw diliat vincent desta aja seneng bgt dulu ketawa menit sambil ngasih tau keluarga sama temen hahahaha
728,1.0,supris untuk vivin dedes malam ini akan ada vincent desta show edisi spesial hut vindes kedua kami mengundang vivin dedes dari jakarta bandung solo untuk datang ke studio vindes telah tayang klik youtu be agx xwtevj vindes vindesyahutnihyee vincentanddesta
729,1.0,dulu waktu jaman aku jadi fans nya clubeighties aku cuman perlu beli cd original buat dapetin tandatangan vincent desta lembu clift sama sukma kalo mau stikernya beli majalah aneka yess sekarang aku mau ketemu taehyung harus investasi dulu sungguh perbedaan yang yahh
730,1.0,pernah denger vindes tapi lupa vincent desta nya ya gitu sama salah diagnosa sampe hrs operasi sampe akhirnya dia cek ke rs spore ternyata ga perlu sampe operasi dan diagnosanya beda jauh kalo w pribadi gapernah soalnya gapernah ke dokter kalau ga ranap
731,1.0,vincent desta
732,1.0,studio vincent desta show malam ini kedatangan salah satu pemenang dari pertandingan ganda tepok bulu lalu plis welkam sudah tayang di youtube vindes klik youtu be omrbmigfhzi vindes vincentanddesta
733,1.0,jadi inget cerita vincent yang selalu ikut abangnya mas cliff tiap kali ngumpul sama gank nya awal mula ketemu nya vincent desta gara si vincent ngintilin abang nya mulu tiap main
734,1.0,wkwkwkw aku bacanya pake nada vincent desta
735,1.0,coba belajar idealis kaya gini dari vincent desta deh
736,1.0,mungkin kalo ngobrolnya sama vincent desta sih bisa aja tu nanya ttg next step yg kaitannya g cuma berkutat di personal
737,1.0,of petojo otong koil pernah om di bahas di podcast nya vincent desta pas waktu dia kena santet trs di lakban kan sama dia ke perut krn bengkak trs ntar kempes sendiri haaa mau ngakak takut kena santet
738,1.0,dari komeng jerome polin prediksi vincent desta ampe fanny soegi wkwkwkwkwk emanf bener sih artis tuh jgn main twitter dah sakit hati sendiri nanti baca nyinyiran netizen
739,1.0,kurang vincent desta sama enzy aja
740,1.0,gimana caranya simak sobi dateng ke di hari jumat februari jam yang pasti ke booth mobbi dong foto videoin vincent amp desta lagi di booth mobbi post to igs tag id
741,1.0,nontonin konten vincent desta ngakak mulu sampe batuk sumpah ni orang kenapa lucunya natural sih
742,1.0,humorku sebatas nonton lala sama vincent desta
743,1.0,kalo liat mereka tuh kayak ngeliat vincent desta twitter com ildanhyukhae s
744,1.0,sukebak tuhh idenya dari gamenya vincent desta enji di tonight show gak tau sih bener apa enggak tapi tuh kayaknya dulu muncit pernah main sukebak juga deh yang asli twitter com at three am st
745,1.0,vdkate vincent desta suka ayam kate
746,1.0,vincent desta ini mah twitter com nctzenbase sta
747,1.0,fakta durian gajah yang dibahas vincent desta harganya jutaan jerome belum tahu nih vindes durian morn minggu pasundan jabarekspres com dur
748,1.0,makan yupi sambil nonton vincent desta dengerin lagu shawn mendes liat pidio tiktok kucing nonton mukbang tidur marathon drama nongkrong beli dimsum ke pecel lele bang jek
749,1.0,keren sama kayak vincent desta kayaknya hehe
750,1.0,jujur berasa nonton vincent desta
751,1.0,vincent desta adalah pelawak yang ga merasa dirinya pelawak asli komedi terus wkwk
752,1.0,pernah ketemu rossa rizki febian raisa yuki kato daniel mananta ryan ibram niki zefanya via valen feby rastanti gen halilintar vincent desta vierratale juga
753,1.0,nonton vincent desta adalah healing terbaik
754,1.0,vincent desta
755,1.0,alasan tidak menonton tonight show adalah kabita outfit yg dipake vincent desta brand brand yg diidamkan anak skate tapi mahal
756,1.0,vincent desta
757,1.0,instead of yg ga lucu mending yg lucu aj gua paling suka vincent desta enzy hesti udh paket lengkap
758,1.0,bahkan seorang maudy ayunda berkata demikian lo udah nonton vincent desta show bersama maudy kalo belum klik youtu be rfg uh oxwa vindes kutipetik
759,1.0,vincent desta kan memang bukan pelawak tapi presenter yang suka ngelawak ala tongkrongan hahaha
760,1.0,bintang emon surya insomnia vincent amp desta
761,1.0,vincent desta
762,1.0,vincent desta
763,1.0,vincent desta
764,1.0,beda selera kali coba sebut yang lucu menurut versimu mr bean komeng adul vincent desta para komika
765,1.0,vincent desta sih
766,1.0,shin bener gua aja suka snsd karena mereka lawak banget mereka lebih ke group lawak buat gua daripada girlband sama kayak gua suka vincent desta walaupun mereka punya band hahahaha terlalu sempurna malah ngebosenin
767,1.0,lu tp ga rumit ya hidupnya gila prestasinya banyak banget vincent vincent desta aja ampe terkagum ama maudy ayunda apalagi gua no words can explain how i adore her so much
768,1.0,id vincent desta
769,1.0,apa sih twitter stop nunjukin aku who to follow because i only follow my heart tapi nggak difollback hidup kadang begitu kadang raffi ahmad kadang gitasav kadang vincent desta
770,1.0,kalo vincent desta termasuk apaan
771,1.0,vincent desta andre juarak sih menghiburnya
772,1.0,maudy ayunda mba nana eh ini artis apa politisi ya pokonya itu deh deny wendy cagur vincent desta
773,1.0,di vindest di net apa di yt gt pokok y sama vincent desta
774,1.0,lu kenal vincent desta dari mane
775,1.0,vincent desta wkwkwkwk
776,1.0,tonight show vincent desta enzye hesti kita ganti seungkwan hoshi dokyeom dino kyk going bss hari ini bisa kali ya
777,1.0,iya lagi vincent desta vincent nya seungkwan desta nya
778,1.0,oufitnya vincent amp desta lah
779,1.0,bang jordan sama bang ghiyas cocok gantiin vincent desta lo jadi hesti ya yo mending gue jadi sofanya aja bareng kak tsabit di dudukin
780,1.0,bang jordan sama bang ghiyas cocok gantiin vincent desta lo jadi hesti ya yo mending gue jadi sofanya aja bareng kak tsabit
781,1.0,bang jordan sama bang ghiyas cocok gantiin vincent desta hmm tapi tetap tidak ada yang bisa menggantikan sosoknya yang indah
782,1.0,bang jordan sama bang ghiyas cocok gantiin vincent desta lo jadi hesti ya yo
783,1.0,bang jordan sama bang ghiyas cocok gantiin vincent desta
784,1.0,baju yang dipake vincent desta karna sama terus untuk season ini
785,1.0,vincent sean bukan vincent desta
786,1.0,waduh vincent amp desta lagi sepikap nih ke hrd ada yang punya solusi gak buat mereka
787,1.0,capek banget nonton vincent desta
788,1.0,hi vincent desta ga diajak
789,1.0,going seveteen nct dream txt ninghonggo manttapu vindes vincent desta
790,1.0,joget kunci stang vincent desta sing baru pweecaaah lucu pol wkwkwwmwkwk
791,1.0,malam ini sang rehat mampir ke vincent desta show jam tujuh malam klik youtu be thlqtnfdy buat nontonin vindes vincentanddesta
792,1.0,duo komedian vincent dan desta mengundang raffi ahmad sebagai tamu dalam video konten mereka terdapat momen yang unik dan lucu di video tersebut simak terus berita terupdate lainnya di mnc update vindes vincent desta raffiahmad nagitaslavina hotgossip mncupdate
793,1.0,perez tebas gt vincent desta
794,1.0,perez tebas gt vincent desta
795,1.0,apakah ini efek nonton vincent desta di segala channel utube sampai aku sering ngereceh terus
796,1.0,nulis lagu senja bisa ketemu vincent desta
797,1.0,trizki channel gak mungkin bro sekelas net tv minim anggaran the tonight show nya vincent amp desta saja tempo hari bisa ngundang seringai yang notabene adalah salah band indie termahal masa buat syuting ke tempat angker gk bisa
798,1.0,vincent desta
799,1.0,jongu tuh mood btt anaknya jd biar rame aja gitu dia kalo di indo udah join circle vincent desta
