id,text kotor,Sentiment
0,"@diankrtn Mangkanya biar gak goblok itu rajin baca , dasar kadrun batangan goblok malah dipupuk.

news.republika.co.id/berita/ruugm04?",Yes
1,"@AnakLolina2 @Kanjeng2022 Itulah akibatnya jika berteman dengan kadrun,... jadi nasdrun. Khas kadrun, Jika temannya, maka salah pun dibela.",Yes
2,Penyusupan berhasil? https://t.co/hpB93R0S83,Yes
3,"@dennyindrayana Nafsumu mengalahkan akal sehatmu den, mendadak kadrun ?????????? https://t.co/Q4AfhC2EWK",Yes
4,"@OposisiCerdas yg cegal siapa...???
fitnah nya gk habis2...!!!",Yes
5,Katanya tanpa apbn? https://t.co/2NT9zhPkBg,Yes
6,"@dimaspram96 @Obay_Kusut1981 @IsminovZubeir Isu itu bagai bau kentut.. suapa yg kentut siapa yg di tuduh, eh ternyata yg nuduh yg kentut..",Yes
7,Rata rata bani kadrun... https://t.co/L7UD0UBksL,Yes
8,"@BosPurwa alhamdulillah ada cina kapir rasa kadrun, ta'bil drun ?? https://t.co/Ahmfu68IhW",Yes
9,@Trending_Issue Mantap. Maki2 aja tuh kadrun pekok,Yes
10,@AIM393284865068 @Relawananies Apa hukum penistaan agama sudah berkeadilan? Bahkan setelah Ahok selesai menjalankan hukuman nya si Buni Yani Keparat baru mengakui meng edit Vidio nya. Itulah Kadrun kumpulan bangsat.,Yes
11,"@AndiSinulingga @erickthohir Korupsi kok diserang ?Lah semua penegak hukum sdh bergerak kok,dan ini bukan korupsi Sendiri.Paham?8 Triliun Bro,ini pasti seluruh tim dr capres Kadrun ada yg turut serta menjalankan siasat Korupsi ini.Mana ada sih PILGUB saja",Yes
12,@idtodayco kadrun makin mata gelap... mengarang bebas... dipikir rakyat belon cerdas,Yes
13,@budimandjatmiko Kadrun pekok kang hoax,Yes
14,@Dennysiregar7 Ahlak ahlak kadrun munafik,Yes
15,@74f4rKM50 @OposisiCerdas Kalau ga keburu ada polisi pasti diperkosa Kadrun nih !,Yes
16,@Bambangmulyonoo @ReflyHZ COKRO  TV    IDOLA  PENGASONG  KADRUN,Yes
17,@WidadiHandoyo @aniesbaswedan @PKSejahtera kadrun senangnya ya mimpi (doang),Yes
18,"@aniesbaswedan @PKSejahtera kalo @nasdem dan @PDemokrat mikir bisa curi suara pembenci jokowi, fpi, hti, kadrun dari @PKSejahtera... alangkah naifnya",Yes
19,"@HRMalik12 @logikapolitikid @ridwankamil @aniesbaswedan Bukannya RK bagian dari kadrun masih ingat waktu kejadian kebakaran di_Bandung tempo hari
RK bilang dinegri Wakanda",Yes
20,"@bachrum_achmadi wkwkwk kadrun tolol, emg JK hrs jadi acuan? JK cuma jadi acuan kadrun2 goblok aja",Yes
21,@sarah_enjeuLL @NasDem @KejaksaanRI @aniesbaswedan Metro Tipu sejak gabung dgn kadrun auto jadi tv tkg fitnah,Yes
22,@ThejavaRio @AbuabuMerpati @belaIndonesiaID @msaid_didu @ReflyHZ Ciri kadrun begini umpatannya sprti orang ga ada akhlak??????,Yes
23,"@Aryprasetyo85 @Metro_TV @ganjarpranowo @dewanpers @03__nakula @adearmando61 @al_lasan @Anak__Ogi @B3doel___ @bung_madin @GunRomli @ch_chotimah2 @DS_yantie @denni_sauya namanya juga kadrun, klo gak fitnah gak makan",Yes
24,"@TurnBack2Solo @Amran_bin_Ali @jagokan57083101 @KompasTV wkwkwkw kadrun menghibur diri sendir, barusan habis dihina2 dan ketauan pengecutnya sama bang @Amran_bin_Ali https://t.co/yWnJK63sAd",Yes
25,"Nasehat untuk Kadrun
youtube.com/shorts/wC4sKCF?",Yes
26,@msaid_didu @ReflyHZ Yg ikut pool  akun dr bngsa kadrun lgi ??????,Yes
27,"@DS_yantie Ini contoh tipikal kadrun mau mencubitvtp ga mau dicubit,cemenk.",Yes
28,"@TurnBack2Solo @Amran_bin_Ali @jagokan57083101 @KompasTV alhamdulillah toket kadrun nempel , toket barokah drun, halalan toyiban ?? https://t.co/HYfTtCSPDr",Yes
29,"@BBerizik Bani kadal pea, bisanya ngurusi org sendirinya maniac jg,  dasar kadrun tolol",Yes
30,@corokandangrusa @yunartowijaya Kadrun emang top..?? apa pun yg di lakukan presiden tetap salah di mata dia.. https://t.co/2o04a8NFnF,Yes
31,@P3n99u94t Boleh numpang b ol?,Yes
32,@entit_usdiati halooooo taraaaaaaa @ridwankamil,Yes
33,@OposisiCerdas Si anus yaman ya om wo,Yes
34,@geloraco Jangan nyindir imam cabul si junjungan KADRUN212 goblog212pekok chat mesum,Yes
35,"@YanHarahap Dasar Kader Mangkrak !

Nanya'nya ke Mantan Napi Korupsi anas Urbaningrum 'jangan Nanya ke KadRun !

Jokowi dilantik 2014
Hutang SBY 2700 Trilyun
dengan bunga pertahun 250 Trilyun !

Proyek Hambalang Sengaja ngga di terusin !
Biar pada inga in",Yes
36,@masiswara @YudhistiraSaja @ch_chotimah2 @ganjarpranowo Kok ganjar ikut2 kadrun ya,Yes
37,"@Leonita_Lestari Anies kena hukum karma ahok,dan NASDRUN kena getahnya semua akan melihat dan merasakan pada waktunya",Yes
38,@Leonita_Lestari Berawal dari @NasDem menjadi nasdrun212 itulah jalan menuju jurang kehancuran,Yes
39,"@Aryprasetyo85 @Metro_TV @ganjarpranowo @dewanpers @03__nakula @adearmando61 @al_lasan @Anak__Ogi @B3doel___ @bung_madin @GunRomli @ch_chotimah2 @DS_yantie @denni_sauya Haha baru Tau ya, begitulah rasanya saat dulu metro TV mendukung rezim.. kejamnya nyer",Yes
40,@Leonita_Lestari Resto trasi bau busuk wok ewok,Yes
41,@sarah_enjeuLL @NasDem @KejaksaanRI @aniesbaswedan Kadrun dua2nya ya...?,Yes
42,@KAMEK_AWET @Miduk17 Dia korupsi apa ya Klo anda tau..,Yes
43,"@Amran_bin_Ali @TurnBack2Solo @jagokan57083101 @KompasTV takut dia nunjukin mukanya, takut bonyok dia kaya ratu hoax kadrun yg ini ?? https://t.co/3DY2RwWX6R",Yes
44,@herman_basti @Hasbil_Lbs Khas Kadrun..kalah pukulin...klo perlu bunuh n telanjangin...,Yes
45,@langitan99 @Verraagustian_ Sampah sampah,Yes
46,@Obay_Kusut1981 Ke firza jg bs yg pernah berpasangan dgn si jijik ngacengan,Yes
47,@Obay_Kusut1981 Ke RIJIQ KITY OM,Yes
48,@Rintart_bluhers @aniesbaswedan @PKSejahtera Berarti udh ngakuin donk... Klo PKS nnti bakal kalah.. Awokawokawok...,Yes
49,@EndarTo44857464 @aniesbaswedan @PKSejahtera Dan juga merubah sistem jdi khilafuck... Itu agenda utama mereka...,Yes
50,@tukangaduayam @kangdede78 Kadrun lgsg ndlesep liat arak arakan tiem Garuda,Yes
51,@TurnBack2Solo @Amran_bin_Ali @jagokan57083101 @KompasTV wkwkwkkw kadrun memantau ??,Yes
52,@RKianSantang99 @aniesbaswedan @PKSejahtera Jolam jolim taik babi...,Yes
53,@PuteriDL @RKianSantang99 @aniesbaswedan @PKSejahtera Take a beer..... Awokawokawok... https://t.co/eSyc2JNnyE,Yes
54,"@DsSupriyady @geloraco Iyyaah...Tangkapin KORUPTOR nya Kadrun....Beraniii bener niyy si Jokowi

Mentri Nasdem Maling 8Trilyuuunn Rupiahh????????????....di cyduk sama Jokowi Jahat tuhh????????????",Yes
55,@pipihfiles @dennyindrayana Kenapa gak harus anies?? Karena bacod nya sulit dicerna sebagian besar org normal.. yg bisa cerna bacod nya cuma org abnormal... Atau org yg pura2 bisa mencerna.... Awokawokawok https://t.co/J8y9x5MBZA,Yes
56,@akualcade Ngupil pake jari telunjuk kiri sampai dapet,Yes
57,@pipihfiles @dennyindrayana Kenapa gak harus anies??  ?? https://t.co/eecaqDfVyr,Yes
58,@pipihfiles @dennyindrayana Kenapa gak harus anies?? https://t.co/4mKUKTPqJF,Yes
59,@Amran_bin_Ali @TurnBack2Solo @jagokan57083101 @KompasTV wkwkwk kadrun terpojok,Yes
60,@democrazymedia Tp kok pendukungnya benci kadrun???,Yes
61,"@EtySusanty8 @Ayang_Utriza @dennyindrayana Berarti sama juga donk dengan pak ganjar yg dituduh sama kadrun terlibat uang e-KTP, gak ada hasil persidangan bersalah dan terlibat.. Kenapa kadrun selalu menuduh.??",Yes
62,"@DJ_Luvly @yunartowijaya Tidak terbukti dipersidangan , anjeeeeng.... Awokawokawok",Yes
63,"@Amran_bin_Ali @TurnBack2Solo @jagokan57083101 @KompasTV mana berani kadrun bang, kan kadrun2 pengecut ??",Yes
64,@Amran_bin_Ali @TurnBack2Solo @jagokan57083101 @KompasTV dia ngertinya bahasa kadrun ??,Yes
65,@Aguscah88555821 @BudiMario007 @IrwanAj63719113 @TukangRitwiit @virza1 @benk_setia @Djoe31915814 @BrabarZeto @Kadrun80574809 @BudhiIbrahim @PutraBachtiar9 @_mastito @dinarArunika @MansurU71169345 @Didinzahrudin1 @bayarpajaklah @Lignasian Mari kita kawal n,Yes
66,@msaid_didu @ReflyHZ Yg nonton podnya ken kadrun semua ya wajar drun,Yes
67,"5 Alasan Anies Yohanes Rasyid BaswEDAN tidak mungkin jadi presiden...
1...Kadrun imigran Yaman.
2...tidak punya rasa nasionalisme.
3...cuma pintar ngomong Pemberi Harapan Palsu.
4...didukung oleh kaum radikal pengusung khilafah intoleran.
5...NON PRIBUMI.",Yes
68,"Proyek BTS 4G BAKTI memang di desain untuk dikorupsi, 6 sudah jadi tersangka, 11 lainnya gelisah mulai kebakaran jenggot.
Kejagung selalu didepan.. ?? https://t.co/K9rPP2TY4q",Yes
69,@marlina_idha https://t.co/8z0HDu2K64,Yes
70,@m_yanto_baemo ??,Yes
71,MUI prihatin atas krisis kemanusiaan di Yaman...ayo para kadrun Yaman adakan donasi untuk negeri leluhurmu jgn diam saja...!!!,Yes
72,@emyr_za @CNNIndonesia Kadrun tdk makan babi,Yes
73,@__TukangNgibul Emg udah ketauan..akun2 Kadrun itu rata2 buzzer bayaran Anis.. OTAK tdk diperlukan,Yes
74,@greentea290491 @geloraco Kita buktikan saja negara mau maju harus berkorban dan berpikir kedepan ...polapikir kadrun sampah,Yes
75,"@P3n99u94t Itu mungkin Jatim bagian Kadrun...
Wkwkw",Yes
76,@__TukangNgibul Halloooo.. Profil lo ga ada tweet lo pribadi.. Lo pasti anakAnjing Piaraan KADRUN.. HAYOO..NGAKU..MALINGLO,Yes
77,"@NephiLaxmus @Metro_TV Dunia kebolak-balik, kadrun jadi seneng nonton Metro Tipu, cebong beralih nonton tvOon... ??",Yes
78,@StefanAntonio__ Panik ga ya ?? https://t.co/H3nUdRwTpj,Yes
79,"@_Dauph1ne_ @ajies4ra @Bandit_cengeng Harusnya akun alter pake buat lawan kadrun bukanya seperti ini,",Yes
80,@TurnBack2Solo @Amran_bin_Ali @jagokan57083101 @KompasTV klo yg ini Cina kadrun ya? yg penting bisa ta'bil wkwkwk https://t.co/mrCRHgiZdC,Yes
81,"@StefanAntonio__ Yes,sama https://t.co/0GO2bQb9n3",Yes
82,"@HidayatNatari Jadi kadrun itu berat,, harus nyebar hoax tiap hari",Yes
83,@StefanAntonio__ Yes https://t.co/1aZebSoZBy,Yes
84,@bianca01403 Kadrun tolol mau tipu2 ???????? https://t.co/h1vGTWM6zV,Yes
85,"@Amran_bin_Ali @TurnBack2Solo @jagokan57083101 @KompasTV kadrun culun, pasti jidatnya ada jendolan hitam dan jembutnya pindah ke dagu kayak foto ini wkwkwk https://t.co/oMvTLXWApn",Yes
86,@UbedilahB Ubedilah Kadrun????????,Yes
87,@lurkingcorsa @Permaidi68 @BTRxZaflaabaeVL @__TukangNgibul @Asuhan1nfinitE @cobeh2022 @NobowoNonowo KADRUN 90% Suka Melonte.. Aplgi lo @lurkingcorsa,Yes
88,"@dimaspram96 @Herohero_82 @belaIndonesiaID @Obay_Kusut1981 Dikit√Ω kadrun
Dikit√Ω kadrun
Ngerasa junjungan lu di sentil
Langsung reply pake embel√Ω kadrun.
Orang yg ga sepaham ama lu, lu cap kadrun.
Manusia sampah kayaklo gini yg ngerusak nilai demokrasi.",Yes
89,"Kasian para #Kadrun habib dari Yaman dan timur tengah yg numpang cari makan di RI,  punya tuhan Alloh tapi lemah, selalu dibela... 
Walah.... drun.... Kadrun.... Kalau mau cari serakah duniawi, jgn bawa2 Tuhan....  Kasian si Awoh https://t.co/ZRe6TFd67t",Yes
90,@kadrun_bangsatt Gayane pig pig ??,Yes
91,@Tulus_nih70 Keluarin fatwa nya dulu dong anwar abbas kadrun arab pesek. Gak ada cukong nya yak ? Naga2nya duit galangan dana ente tilep pastinya.,Yes
92,@P3n99u94t Tuyul ancol kotbah ????????,Yes
93,@bianca01403 Kalian pikir nu Ormas yg bisa kalian bodohi kayak anjing2 ini????? https://t.co/csaUv6nybY,Yes
94,@Amran_bin_Ali @TurnBack2Solo @jagokan57083101 @KompasTV Dia kadrun cemen yg menggemaskan https://t.co/iMEHMqUYih,Yes
95,@kangdede78 @NasDem @adityawilly sangat menjijikkan ya ocehannya alias bacotnya pecundang weleh. 2024 nasdrun harus tumbang di jurang kegelapan. KADRUN #KoalisiDelapanTriliun,Yes
96,"@Syarman59 @KPK_RI @firlibahuri @mohmahfudmd KADRUN Korupsi msk Politik.. Kriminal jga dmsukin ke Pokitik.. 
KADRUN emg Bin Atang..",Yes
97,@el4n9bint4n9 Gub aja idiot https://t.co/DqswepTQVO,Yes
98,"@TurnBack2Solo @Amran_bin_Ali @jagokan57083101 @KompasTV iya mending sesama kadrun, selain bisa membantu memberi makan, juga bisa membantu @jagokan57083101 geli2 enak ??",Yes
99,"Dana turun 11 triliun digarong 8 triliun dan barang tidak ada wujudnya, ni plate emang anjing bangsat yg wajib digantung kepalanya diatas tower nasdem. 
katadata.co.id/ira/berita/646?",Yes
100,@Tulus_nih70 Nilah kadrun pesek yg jd penjilat kaum yaman.,Yes
101,@TurnBack2Solo @Amran_bin_Ali @jagokan57083101 @KompasTV wkwkwkw kadrun jantan lagi minum obat kuat atau sari rapet drun? eh sari rapet mah buat @jagokan57083101,Yes
102,@WagimanDeep212_ @dwioktariyadi Klou ada anti ormas !..??????,Yes
103,@_Dauph1ne_ @LemhannasRI @DivHumas_Polri @CCICPolri Iya demi capres nya rela sebar hoak melebihi kadrun,Yes
104,@Bandit_cengeng @ajies4ra Kadrun+,Yes
105,"@WongJowo67 @narkosun @ganjarpranowo Si anus cuma disambut bupatinya..Krn dari Nasdem dan dirumah pribadinyamm gak nyala masyarakat,Krn sdh merasa gakan ada masyarakat yg nyambut  ?????? https://t.co/0lBf22ZDc4",Yes
106,@wahyonoisnaeni1 @zhuLL_Thomadio @yaniarsim @PdiperjuanganP @KPK_RI @mohmahfudmd Biarin aja bro .. gue lebih suka kalo kadrun pd keliatan tambah bego,Yes
107,"@KrisyantoOni Eh celeng kribo lu udah investigasi belum ke wadas??? Biasanya lu kan suka investigasi untuk buktikan sendiri, sekalian lu bs dapat makan dan kopi gratisan seperti kesukaanmu... Bangke!!!! https://t.co/3kl4LmwZJv",Yes
108,@_Dauph1ne_ @LemhannasRI @DivHumas_Polri @CCICPolri Kadrun +,Yes
109,@gibran_tweet Untung bkn sy anak pak Jokowi mas wali..,Yes
110,"@NasDem Dan gak perlu katakan ada tekanan politik didalamnya seperti yg ketua DPP kalian katakan.. obyektif dan jalani semua dgn ketentuan hukum yg sdh ada.. klo gak merasa terlibat,katakan maaf dan pecat sbg kader dan pengurus partai..beres",Yes
111,"Preeeeettt mutualan ma akun tukang hoax gini..
Ga gini2 amat x jd buzzer..
Demi belain capres lo, sampe bikin hoax berjemaah.. dipercaya pula??
Kirain akun kadrun.. taunya..beuuuuh!!!
Gw unfol, tukang hoax!
@LemhannasRI 
@DivHumas_Polri 
@CCICPolri",Yes
112,"@TurnBack2Solo @Amran_bin_Ali @jagokan57083101 @KompasTV wkwkwk kadrun mana berani ketemu sendiri, nyalinya seupil kayak jumlah kadrun di Indonesia, ya kan @jagokan57083101 https://t.co/rslx5QZy39",Yes
113,"@setopankahiji @logikapolitikid @ridwankamil @aniesbaswedan Namanya juga kadrun Goblokkkk!

Senyumin ajaa..",Yes
114,@bintangku206 @BWbambangPtk @ruhutsitompul Lha emang elo kadrun. Dari dulu topiknya selalu dibawah ini??oh ya gw mo nanya gmn rasanya jadi pecundang??? https://t.co/mKkfJivKzZ,Yes
115,"@Aryprasetyo85 @Metro_TV @ganjarpranowo @dewanpers @03__nakula @adearmando61 @al_lasan @Anak__Ogi @B3doel___ @bung_madin @GunRomli @ch_chotimah2 @DS_yantie @denni_sauya Dajjal memang penipu ??
Kaki tangan dajjal itu kadrun",Yes
116,"... Koruptor di bela oleh KADRUN tumben biasanya dibully ?????? ... 

.
.
.
pastilah cecunguk ini jelas lagi bela donatur nya ??????",Yes
117,@NyaiiBubu Org utan ke kota,Yes
118,"Bangsa Indonesia sangat bersyukur memiliki KH. Imaduddin Utsman al-Bantanie, Sang Pencerah dan Pemersatu Bangsa Indonesia..!",Yes
119,@HidayatNatari Kadrun pd mengkhayal.. ntr klu kalah bilangnya di curangi. Lagu lama Drun.. ??????,Yes
120,@TurnBack2Solo @Amran_bin_Ali @jagokan57083101 @KompasTV wkwkwk kadrun ngomongin nyali ??,Yes
121,"@dwi_kurniawanSg @iwandana1 @ganjarpranowo @Dennysiregar7 Org jni gak bisa mikir bedanya mamerin buku sama ngucapin selamat hari buku,, nemang bner smua org klo jd kadrun harus bener"" goblog",Yes
122,@CocotBoros98 @TurnBack2Solo @Amran_bin_Ali @person_sandora @ejanghadian @Kadrun80574809 @PaimoMontok @kadrunmampos @Jkt_Networks3 @AgoesMaulana10 @NawariErika @KangManto123 @ghost65387006 @_25selawe @Fita_Shanty @SimbokeSarah @bobby_risakotta @TsamaraDKI,Yes
123,@wandystjk2 Tp alahkah elegant nya kl gk kait kaitkan dengan kadrun ya,Yes
124,"@Amran_bin_Ali @TurnBack2Solo @jagokan57083101 @KompasTV siap2 bang di blok sama kadrun transgender itu, tipikal kadrun klo kalah selalu ngeles atau blokir, contohnya tadi si @jagokan57083101 sdh terpojok lsg ngeles ajak rekan sesama kadrunnya unt kabur, ",Yes
125,"@Adi_8002 Betul banget.
Kirain akun kadrun, ternyata akun NKRI pendukung militan salah satu Paslon.

Hoaxnya melebihi kadrun.
Bisa dipidana itu, memutar balik sejarah",Yes
126,"@AntiPekines @ganjarpranowo ??biasa min! Ibarat kata udah dicoblangi sama cwek Bahenol Bohai!
istri sah jangankan di urus, dilirik aja ga bakal! Yg ngejodohin ga da otak! Udh tau org msih ada bini, masih aja dicoblangin!
Dia kira kadrun, yg boleh2 aja ber",Yes
127,@MayaA62580468 Si bewok gede bacooooot,Yes
128,"@ajies4ra Mulai kesetanan nih hoaxnya.
Gw pikir tadi akun kadrun, ternyata NKRI.

Lbh parah dari kadrun hoaxnya",Yes
129,"@Amran_bin_Ali @TurnBack2Solo @jagokan57083101 @KompasTV dua ekor kadrun ygnsatu betina @jagokan57083101 dan yg satu kadrun transgender @TurnBack2Solo lari terkaing2 bang, si transgender kehabisan kata2, klo yg betina mulutnya lagi sibuk melayani pelangga",Yes
130,@geloraco Pola pikir kadrun itu sangat rumit,Yes
131,@kadrun_bangsatt Menambah Nafsu Merokok ?,Yes
132,@ch_chotimah2 Kadrun itu iblis berbulu domba namanya ??,Yes
133,@dennyindrayana  taraaaaaaaa,Yes
134,@Verraagustian_ @kadrun_bangsatt ??????,Yes
135,"@AkioDad @IpBayoe @dannieliciouss @tvOneNews Nah ini
Nimbrung tapi bego
Ga baca dr awal tiba2 bunyi
Kebiasaan kadrun ????

Uda2
Yg kek lu uda banyak dr kmrn2
Fokus aja noh ke SP ama Anies yg lg belain koruptor ????????",Yes
136,@IInayaturahmah @kadrun_bangsatt ??????,Yes
137,@OposisiCerdas mulai-mulai... bawa2 nasab agama berarti ganjar kadrun dong... malu jelek jelekin arab ngaku2 keturunan arab..,Yes
138,@geloraco Caplin Caplin... Berulah lagi.. geni nih klo kadrun lepas dri kandang,Yes
139,@kadrun_bangsatt Apakah enih d sebut kelapa berjalan ??????,Yes
140,@OposisiCerdas Orang jawa di kadrun kadrun kan ??????????,Yes
141,"@TurnBack2Solo @jagokan57083101 @KompasTV coba tny sama lonte kadrun profesional ini, cara mengangkang yg baik dan benar ?? https://t.co/N7aOdbKqWA",Yes
142,"@RomeoWalker19 Hanya SETAN
yang Membenci Kebaikan !",Yes
143,@ruhutsitompul Partai maling ..capres nya goblok...dari kadrun..goblok lu,Yes
144,"@TurnBack2Solo @jagokan57083101 @KompasTV alhamdulillah drun, mayan kena toketnya kadrun betina ?? https://t.co/rRKK8eD3wl",Yes
145,"Demikian Hal'nya
dengan NasDrun
'Kadernya yang Korupsi
Yang Salah tetap Jokowi
'Kan Bangsat !!!

Sudah Takdir TUHAN
Setan Setan itu
Membenci Kebaikan 

Naudzubillahi Mindzallik https://t.co/AwRtdtOJzm",Yes
146,"@ekowboy2 Sdh tau anis bakal kalah, kadrun rame2 buat narasi penjegalan...gitu saja mainnya dr dulu smp lebaran kuda tiba....
Silahkan rakyat menilai !!
??????",Yes
147,@alisyarief Otak mana otak,Yes
148,@Relawananies ????????...... Kadrun doank yg percaya,Yes
149,@msaid_didu Udah ashar pak tua.. tobat,Yes
150,@Sampeong2 @ch_chotimah2 @ganjarpranowo https://t.co/6h7pgfvFzP,Yes
151,@ch_chotimah2 @ganjarpranowo Nih pake doorprice juga nggak ..?,Yes
152,"@sunset_32023 Masih Ada Orang Orang Baik
di NKRI , bila tidak Menemukan
Maka Berusahalah Menjadi
Salah Satunya

Sesungguhnya
Di Setiap Kebaikan
Ada Balasan
Tanpa Mengharap
atau Meminta Sekalipun 

#BelajarMenjadiLebihBaik
#NKRIbersatu",Yes
153,@KangNanooo @Verraagustian_ Kadrun emang gitu..beriman takut akherat dan paling suci beragama tapi munafik..gimana coba..??????,Yes
154,"@KompasTV Jgn samakan black campaign dgn negative campaign ya.. jgn serampangan anda @aniesbaswedan  mayoritas yg tersebar adalah bukti nyata,bukan fitnah ..tolong bedakan itu..jgn menggiring opini publik utk membuat seolah2 anda terdhzolimi",Yes
155,Yang haram akan jd halal bila org kadrun.,Yes
156,"@lahedom99 Cie cebong babi ngambek ???????? gak cium tangan Kadrun dulu loe?
Gak sopan loe, junjungan loe aja hormat sama kadrun",Yes
157,@sgits1 Laaah emang dia itu kadrun..kadrun sejati,Yes
158,@kadrun_bangsatt https://t.co/McyQX0K7cw,Yes
159,"@TurnBack2Solo @jagokan57083101 @KompasTV lsg di like sama kadrun wkwkwk tapi lsg dihapus lagi, ah kadrun gak seru ah ??",Yes
160,"@setopankahiji @logikapolitikid @ridwankamil @aniesbaswedan Aing ti sunda asli, tpi aing lain kadrun. Jgn bawa2 suku",Yes
161,@lahedom99 Kadrun tapi didatengin kan sama junjungan loe? ?????????? Cium tangan lagi,Yes
162,"@TurnBack2Solo @jagokan57083101 @KompasTV lonte kadrun betina @jagokan57083101 sdh siap tuh, jilbabnya sdg dibuka, siap melayani pelanggan di warungnya, alhamdulillah drun wkwkwk https://t.co/ASUJJYOtpP",Yes
163,"@NichNach8 Oh iya mksdnya, sorry kopinya habis..??",Yes
164,"@YanHarahap Karna kau hanya Bc judul,Malas bc isi.
Kau cb bodohi org dgn judul brita
(khas Kadrun??)

-Jln Toll jauh lbh banyak,karna itu mpercepat distribusi/Roda prkonomian,jln biasa sdikit ber+,karna Jln Toll sdh banyak ber+
-Dan Hutang negara ber+ bkn",Yes
165,@Obay_Kusut1981 Wkwkwkwkw..dasar KADRUN..lo pantesan yh..bidoh. Gk pinter2..hobi nya makan HOAX ...info nya..,Yes
166,@raniia_niia @OposisiCerdas Kalian yang tuduh ya harus kalian juga yang buktikan tuduhan kalian itu,Yes
167,@NichNach8 Koh iya...?????? ??,Yes
168,@MuflyAhmad2 @OposisiCerdas Tolong pak @DivHumas_Polri tindak orang ini karena sudah memfitnah kepala negara.,Yes
169,@Joy45158415 @aniesbaswedan @PKSejahtera Sssttt... Itu bukan kulkas Ferguso.. itu pohon mahoni??,Yes
170,"Sekjen Nasdem yg juga Menkominfo terciduk tipikor beserta kroninya senilai 8T. Dan kubunya sibuk tereak√Ω politisasi terkait pencapresan Anis?

Gak malu? Mungkin baiknya kalian berefleksi bhw pencapresan ini gak direstui langit.
Ada aja kan kasusnya?
????
#SalamRestorasiIndonesia https://t.co/kYri4lIAvo",Yes
171,@bobbynasution_ Trus gubenurnya ngapain bang Bobby..?,Yes
172,"@NichNach8 Janganlah kang, ntar gak bisa nonton lawak gak ada yg diketawain..??",Yes
173,"@belaIndonesiaID @OposisiCerdas Eh goblok loe pikir KPU dan Bawaslu itu segoblok loe. Pada saat pendaftaran Bupati/Walikota, Gubernur, apalagi Capres pasti semua berkasnya diverikasi atau dicek keasliannya. Kalian ini ya selalu mencari sensasi dan mencari",Yes
174,@licikperjuangan @Relawananies Emng bner rezim skrng bnyk smph negara yg hrusnya dpet azab..  Sok bnar sok suci dan tolol kya kadrun..,Yes
175,"@TurnBack2Solo @jagokan57083101 @KompasTV tuh udh dandan, udah buka jilbabnya, udah siap kayaknya si lonte kadrun @jagokan57083101 https://t.co/kkn980JqvR",Yes
176,"Ga goyang sih, cuma gemeter..",Yes
177,@Musti_Umbar Kita Doa'in Matinya Sahid,Yes
178,@Reiza_Patters @ganjarpranowo Sudah start awal kampanye nya loe semua diam aja. Tapi meskipun start awal tapi tetap di urutan terakhir elektabilitas nya. Berpikir positif saja pak. Jangan suka urusi urusan orang lain yang bukan urusanmu,Yes
179,"@tvOneNews Kadrun sumbu pendek siapken donaturr jualan, kapir pki lgbt ayat mayat nahimungkar  drunnn ?? ?? ??",Yes
180,"@Reiza_Patters @ganjarpranowo Pak, anda tahukah otonomi daerah ? Anda sudah tahu itu desa tapi kenapa langsung ke provinsi mengadu ? Kan masih ada kepala daerah Bupati/Walikota. Kalau itu jalan provinsi baru mengadu ke provinsi. Anda terlalu sibuk mencari",Yes
181,@YoshY83919872 Hooh,Yes
182,@PartBurungGalak @KakekHalal Media gelora news selalu kadrun isinya. Memang media kadrun.,Yes
183,"Drama Picisan episode dor..dor..!
??Tracking lini masa dan CCTV RS.RST Dompet Dhuafa cukup untuk menyematkan pasal 242 (x)??(2) 7th bui bagi Sang Aktor.
Sekalian senggol Si Sutradara..! https://t.co/tiU6lexdfu",Yes
184,"@lahedom99 Cieee... Gak pake media apa malu ketauan bloon... Hebat ya Kadrun, junjungan loe si raja bokep aja cium tangan Ama Kadrun...loe gak mau cium kaki gw",Yes
185,"@ganjarpranowo 5 Alasan Anies Yohanes Rasyid BaswEDAN tidak mungkin jadi presiden...
1...Kadrun imigran yaman.
2...tidak punya rasa nasionalime.
3...cuma pintar ngomong Pemberi Harapan Palsu.
4...didukung oleh kaum radikal pengusung khilafah intoleran.
5.",Yes
186,"@Obay_Kusut1981 Gk usah baca media lawan KADRUN mh percuma...info hoax basi..d geluti..giliran koruptor pada d bela.,!!",Yes
187,"Setuju...

Untuk John the Kadrun memang Ahok sosok berbahaya.... soalnya gak bisa seenaknya atur ini-itu lagi.... https://t.co/hnb1rnEolW",Yes
188,"@wandystjk2 Untung wasit nya kadrun dari negeri oman, buat para pemuja pki yg nyamar jd kadrun2 spy terpilih jd anggota dewan, ayo jancuk2 tetap smangat mumpung 1 thn lagi nikmati masa2 indah rezim kardus digembok hajar tuh media malaysia yg melecehkan ka",Yes
189,"@msaid_didu @ReflyHZ Ya percaya aja , follower @ReflyHZ  kan kadrun semua..berarti ada 11% Kadrun yg membelot menyatakan puas..",Yes
190,@DjuremiReinke @Muhamma87797214 @aniesbaswedan @feryfarhati bacot lu...itu kan menurutmu kadrun??????,Yes
191,"@WagimanDeep212_ Wkwkwkwk kadrun lenyap.... 
Takut dia https://t.co/7s8YvxM1xZ",Yes
192,@MuungilCom @setopankahiji @logikapolitikid @ridwankamil @aniesbaswedan Bener sekali bnyk sunda kadrun kerjaan hari2 sama kek ibu entit benci sama jokowi ?? apa lg pemilu wkt itu bandung heboh ngehate jokowi smpe teriak2 diluar loh??,Yes
193,"@jagokan57083101 @TurnBack2Solo @KompasTV wkwkwk lonte kadrun betina masih penasaran ternyata, tadi udh mentok, nyerah, giliran ada bahan lsg muncul lagi, tapi nanti klo mentok bilang udah udah gak usah ditanggepin lagi wkwkwk mending antum dandan dan seg",Yes
194,@DPablo29136515 @Naz_lira Tipikal kadrun kl gak koplak ya bahlul.,Yes
195,"@Maudy_Kadrun Waduhhh
Jueruu iki",Yes
196,@bachrum_achmadi JK siapa? Juragan Kadrun?,Yes
197,@Khalisa30712811 @Relawananies Mayoritas Kadrun goblok akibat minum air kencing Onta....?,Yes
198,"@ekowboy2 Kalo Pks menggoda Golkar &amp; Gerindra boleh ya?
(halal)

Kalo Demokrat Digoda PKB ga boleh ya..
(haram )

Kalo 2 kali Sekjend nya ditangkap itu mengganggu Nasdem ya..?

Kalo ga bs berhenti,kurangilah Hoax mu biar Kadrun pintar dikit ??????????",Yes
199,"@Army03437330 @PSI_Jakarta @psi_id kadrun lsg ambyar, amsiong, sakit hati akut dari 2012 sampai skrg, bisa2 kena sirosis drun, kanker hati ??",Yes
200,@ch_chotimah2 KADRUN &gt;&gt; BINATANG,Yes
201,"@Tan_Mar3M Lu minta 1, gw kasih 4. Tidak sulit mencari jalan2 baru non berbayar yg dibangun Jokowi. Yang susah itu mencari jalan baru yg diklaim para kadrun dibangun SBY yg katanya lebih panjang, tp ggk ada wujud nya ?? https://t.co/MnwfsHZEgi",Yes
202,"@kompascom KADRUN MANA SUARAMU?? YG BIASA NYINYIRIN KORUPTOR??..HEDAN..KADERNYA KORUPSI KOK.MALAH SALAHIN PRESIDEN JOKOWI.
#BUBARKANNASDEM",Yes
203,@YoshY83919872 @ListyoSigitP @DivHumas_Polri @dennysirregar7 KADRUN sudah Kehabisan AKAL.. PANIK.. TEGANG.. KLOJOTAN..,Yes
204,@msaid_didu @ReflyHZ hasil votting di kandang KADRUN.,Yes
205,@Affan79992133 Itu tanda nya kadrun tdk setuju dgn pendapat sampeyan Gus...,Yes
206,@NyiMasRuminah @DivHumas_Polri @KEMENAG @YaqutCQoumas @jokowi Tutup Al zaytun,Yes
207,@_Goentoer_ @MUIPusat @MajelisUlamaID kadrun di gaji uang Rakyat ..malah kawin nek puncak @NasDem,Yes
208,@kadrun_bangsatt Pas banget. ??,Yes
209,@geloraco Hanya tuk yg waras?????????? https://t.co/Rz3uaEGbrD,Yes
210,@HelmiFelis_ Satu orang pekok mengungkapkan kedengkian dengan argumen yg playing victim ala kadrun,Yes
211,"@riyutoooo @enengcantika @Miduk17 lu di rumah kagak punya kaca yg gede apa? klo sama wan anus disebut rasis, klo sama ahok gpp? 

kadrun tolol2 emang https://t.co/3NTdeADcrl",Yes
212,@Dennysiregar7 klo sdh gabung sama kadrun memang auto goblok bang,Yes
213,@hc_poirot Oh ternyata SBY tinggal di gunung toh,Yes
214,@msaid_didu @ReflyHZ Polling nya paling yg ngisi para  kadrun....cebong ngga minat wajar aja sih,Yes
215,"@yunartowijaya namanya juga kadrun, bukan kadrun klo gak goblok mas",Yes
216,@ch_chotimah2 @NataliusPigai2 Kadrun ngamuk ??????,Yes
217,@arnoldy1230 @IMCMushroom iya benar. Jangan sekali kali ikut Kadrun. Orangnya tolol tolol semua. Keringatnya bauk bauk.,Yes
218,@BBerizik kadrun dgn smua kedunguannya anti cermin.,Yes
219,@PresidenKopi Kadrun cuma baca judul korupsi nya 2020 kerjasama dengan bukit algoritma 2021 https://t.co/SZCSWRIqag,Yes
220,@arnoldy1230 @IMCMushroom Aku setudju. Kadrun jangan makin bodoh. Kudu bertobat.,Yes
221,@yusuf_dumdum https://t.co/HPv82L3g0D,Yes
222,"@UbedilahB Halah bacot aja lu. Kadrun!

Eh Badrun!",Yes
223,"@Heraloebss Jln masuk k rujab gub mulus,,giliran jln utk rakyat mlh nggak diperhatikan,,gub kadrun kerjaan cm bs abisin anggaran",Yes
224,@IMCMushroom Hore. Aku suka Jokowi. Aku tidak suka kadrun. Benci sekali kadrun2. Keringatnya bauk. Bauk banget.,Yes
225,@keuangannews_id Ganjar turunan kadrun dunk https://t.co/JXWgtWiG2E,Yes
226,@VeelaaRhie Waduh kamu Jangan ikutan berkata kata kotor.  Biar kadrun aja.,Yes
227,"@RagilSemar @joyfanra2 yg jelas msnyengsarakan kadrun
??

twitter.com/tukanggambar28?",Yes
228,@ch_chotimah2 @adityawilly Bagaimanapun kadrun itu tetap to'ol.....maling ketangkap dibilang cobaan...kl nggak ketahuan ya ..maling lagi.,Yes
229,"@TurnBack2Solo @jagokan57083101 @KompasTV gpp mbak kadrun, santai aja yg penting takbir, biar kadrun2 goblok itu takjub dan percaya dgn kebiadaban kadrun krn sdh ada takbirnya wkwkwkw",Yes
230,@cobeh2022 Kebanyakan nelen judul jadi goblok kadrun pemuja yamen?????????? https://t.co/VdlJZfBrpt,Yes
231,@marlina_idha Narasinya kok lebai banget. Indonesia? Seluruh rakyat Indonesia? Wkwkwk kadrun kali yang butuh https://t.co/nKJjXLW0ZF,Yes
232,"@jagokan57083101 @TurnBack2Solo @KompasTV wkwkkw kadrun nyerah, lari terkaing2 seperti anjing yg ditimpukin batu, kaing kaing kaing",Yes
233,@kasrulsani9 @rezaldi12234 @MelayuWarga @ganjarpranowo @jokowi Kristen di bilang kadrun juga ya ?? ????,Yes
234,"Alhamdulillah, sudah bisa aktif lagi setelah vakum selama 2 tahun di twitter. Assalamualaikum dan apa kabar warga oposisi? Semoga baik saja sehat sehat selalu, Aamiin ya rabbal aalamiin...??????",Yes
235,@WManco52 @tawajkt @budimandjatmiko Kadrun Kadrun proyek budimansudjatmiko itu swasta murni disamakan dengan hambalang tolol,Yes
236,@Zulmendra_Ak @KangManto123 Habisin Yaman Kadrun??????,Yes
237,"@KipasAn36639127 @Dennysiregar7 @DivHumas_Polri Saat_nya NGISIIIING TERTAWA...?? 
BALASAN #TELEK_ONTAAA...??

TELEK_ONTA ko #dipercaya...!!
Dasar MENTAL BUDAK BABUVJONGOS ANJING KADRUN SUPER_GOBLOOGG...!! 

PRIBUMI ko TOLOL DUNGU...!!!
????",Yes
238,@Mdy_Asmara1701 https://t.co/O3rKrQ1Jhi,Yes
239,@Obay_Kusut1981 Wkwk kadrun nge hoak,Yes
240,@Mdy_Asmara1701 twitter.com/EndarTo4485746?,Yes
241,"@ocongBoyy Sebelum mencalonkan wan kibul , sebaik nya @NasDem  ngitung dulu ada brp kadrun dongok di republik ini",Yes
242,@Decoel_14 @DrPullmanrogers @Dennysiregar7 @NasDem kadrun gerah wkwkkw,Yes
243,@surabioncomamis @DrPullmanrogers @Dennysiregar7 @NasDem wkwkwk kadrun panas,Yes
244,@aniesbaswedan @PKSejahtera Bimtek kadrun,Yes
245,@kadrun_bangsatt Teman si kristiyan ini??,Yes
246,"@budimandjatmiko Itulah dongok nya kadrun dan Nasdrun..... 
Koar2 tanpa data yg penting bisa menumpahkan kekesalan dan mencari pembelaan dg memcari celah u/ mengalihkan isu utama",Yes
247,@cnbcindonesia Siap2 CNBC dicap kadrun kampret Radikal radikul onta gurun,Yes
248,@Kryan224 Aku dm ya,Yes
249,@dennyindrayana Membahas visi misi yg sama..???,Yes
250,"@fayacondios_ Kadrun gak mingkem, justru nyaring membela koruptor",Yes
251,"@Mdy_Asmara1701 Semua akan gilak pd waktunya.

ttd. buzzer wan jembud",Yes
252,"@MichelAdam9191 Kau tulis hasil  Litbang Kompas..tapi lu sodorin portal abal2.. trus motif lu ape drun ..
Silakan cek @LitbangKompas @KompasTV @kompascom @hariankompas",Yes
253,"@HelmiFelis_ Kadrun tolol, jadi kalau terbukti korupsi jgn ditangkap ya drun, di biarkan bebas sampai ke Yaman. Mirip leluhurmu yg di Yaman, miskin, bodoh dan jahat",Yes
254,@HeangKadrun @UbedilahB Stop omong kadrun. Orang akan mengira anda PKI. Krn cuma PKI yg omong kadrun. Masih banyak pilihan makian lainnya,Yes
255,"@anakwedoesh @rezaldi12234 @MelayuWarga @ganjarpranowo @jokowi Iki kadrun kurang baca,muales cari reprensi,cmn disugukan brita hoax trus,jdi ne pekok kayak gini..????",Yes
256,@msaid_didu @ReflyHZ Vote group kadrun... Ya ialah,Yes
257,@akhmadmuhyidin2 @ganjarpranowo klo pendukung anues yg biadab2 ente diam aja drun? yg penting ada takbirnya ya drun? wwkww kadrun goblok https://t.co/UXfKxXM9w6,Yes
258,@ganjarpranowo Kadrun yg komen disini akunnya baru netas semua... ??,Yes
259,@Mdy_Asmara1701 Panik berat ya ??,Yes
260,"@JhonniSinaga20 @KejaksaanRI Memang Bacotnya @AnisBaswedan itu   manis , dan itu ciri2 gerombolan kadrun selalu bawa2 nama TUHAN",Yes
261,@NataliusPigai2 ini kadrun kapir temannya kadrun betina @jagokan57083101,Yes
262,@aniesbaswedan @PKSejahtera Partai Kadrun Sejati,Yes
263,"Bisa jadi sampai hari kiamat KADRUN-2 pemuja ""Bapak Politik Identitas"" selalu bikin HOAX.

Nyerang Pemerintah pakai HOAX
Puja-puji Bapak Politik Identitas juga pake HOAX

Hidup kok sehina gitu sih DRUN? ?? #TenggelamkanPKS #BubarkanNasdem #NoSayVoteAnies https://t.co/gZ4JVchChN",Yes
264,@DJoker_GinOngs ??,Yes
265,"awoakwoakaoao ketebak org"" si pAliNg toLeraNsi ujung""nya kalau sakit pantat selalu koar"" pake term kodran kadrun, semua dikadrunin ama die dasar kaum ngambekan??",Yes
266,@kadrun_bangsatt T https://t.co/sMSXYdhBb4,Yes
267,"Hayooo loh nomor WA-nya di sebar sama EL... ??

Kadrun nyebar Hoax di group WA.. 

Malam ini banyak yg silaturami ?? https://t.co/qQgYAy70LK",Yes
268,@jayusman92 @Subur0204 Kadrun TOLOL !!!,Yes
269,"Nah ini yg harus dicontoh sama bacapres yg lain etika politik.. 
Gak kyk kadrun.. Asal nyosor aja",Yes
270,"@CocotBoros98 @TurnBack2Solo @KompasTV @jagokan57083101 Ini kadrun laknatuloh, yg lain menyembah balihonya, yg ini malah kencingin, dasar kadrun dongok ?? atau jgn2 abis dikencingin, kadrun2 lsg sujud menyembah di bekas kencingnya? termasuk sekte kadrun p",Yes
271,@Mdy_Asmara1701 https://t.co/9SExGIP0w7,Yes
272,"@gustikajusup @ellenhans65 @Sampeong2 @Miduk17 Masih banyak kadrun tolol ternyata..

????????

Malah nyalahin visi misi Presiden.

Dongok kok diumbar.",Yes
273,"@HensuAja @NasDem @Surya_Paloh Klo sdh di barisan kadrun, mereka auto goblok ya",Yes
274,@abu_waras @NasDem Jd kadrun jgn terlalu goblok...jgn cm hpnya yg pinter...udh goblok mudah dihasut gobloknya gak surut surut,Yes
275,@7609e27c8cc543d @MichelAdam7__ Otak kadrun sungsang karena kadrun munafikuun https://t.co/XC9st83oyC,Yes
276,@joko_maryadi ?? rob itu siklus.. btw mana tau kadrun hal spt itu.. emang disini arab?,Yes
277,"Ada nama baru KADRUN alias KoAlisi Delapan tRiliUN 
?? https://t.co/c1zWAJ2tq9",Yes
278,@Maudy_Kadrun Nickname mba maudy apa mba?,Yes
279,"@Heru1010Heru @Mdy_Asmara1701 islamphobia?? Kadrunphobia kleeee.... ?????? klo kadrunphobia gw percaya..... kadrun ngakunya doang islam klakuan mah iblis, bgni amat idup lu?! #LoL wakakakakakak ???????? https://t.co/AoyBEJMkku",Yes
280,@EdiArif96983478 @PDI_Perjuangan @NasDem @AdianNapitupul1 @ruhutsitompul @adearmando61 @Dennysiregar7 @ch_chotimah2 @FirzaHusainID @newIding30 @OmpungGuru @A_J_Christ @Bram_AbuBakar @Lembayung071 @Yani03495310 COCOK... #BubarkanNasdem  #BubarkanNasdem,Yes
281,@Maudy_Kadrun @ngabkinanea Nickname nya mba maudy apa,Yes
282,Any problem? https://t.co/ZxuT6GjUpm,Yes
283,"@MoTeeTee @PresedentBuzzer @tempodotco Malaysia kadrun
??????????????",Yes
284,"Ormas anti Pancasila dibubarkan, mreka mrah. Penyebar hoax ditangkap, mereka marah. Penyebar fitnah ditangkap, mreka mrah. Penganiaya anak ditangkap, mreka marah. Maling uang umat ditangkap, mreka mrah. Koruptor ditangkap, mereka jg marah. Kadrun ini manusia iblis",Yes
285,"@mustafaagus007 @tempodotco Udah pada NGECAPRAK.
NGATAIN MALAYSIA KADRUN
??????????????",Yes
286,@ganjarpranowo kadrun sangat tidak senang melihat ini ??,Yes
287,"@keirajauw @tempodotco Nah kan.. KADRUN JUGA MALAYSIA
????????????????",Yes
288,@OtakUdangku @ganjarpranowo wkwkkwkw kadrun panasssss,Yes
289,@incognito_grey @ganjarpranowo gini√Ω kalo kebanyakan makan berlemak. kodran kadrun. radikal radikul. gimana mo bersatu kalo pendukung pak ganjar kayak gini.,Yes
290,@SatriadiAdi17 @ganjarpranowo wkwkkww kadrun berandai2,Yes
291,"@Pieter_Sun01 @VeelaaRhie @ST_Burhanuddin @KejaksaanRI Siiiaap..?? sesuai perintah, kang ??",Yes
292,"@ganjarpranowo @akhmadmuhyidin2 wkwkkw ayo pak, bikin kadrun kejang2",Yes
293,@akhmadmuhyidin2 @ganjarpranowo kadrun panasssss wkwkwkw,Yes
294,"@BugBunny1076 wkwkwkw ustad andalan kadrun tuh sugik nur, ye kan kadrun betina @jagokan57083101 ??",Yes
295,"@logikapolitikid @ridwankamil @aniesbaswedan Kadrun mmg racun,byk grup yg diisi dg postingan2 sampah",Yes
296,@AnakLolina2 @DivHumas_Polri apa lagi kadrun ndrun2 awet uunnya,Yes
297,"@KangManto123 #BubarkanNasdem 
#BubarkanNasdem",Yes
298,"@awantimur1 @msaid_didu Bego. Plate itu sekjen NasDem. Petugas partai. Anak buahnya bang Paloh.

Plate diutus bang Paloh buat ngisi kursi menteri Kominfo di kabinetnya pak Jokowi. Ini konsekuensi koalisi.

Ternyata kadrun otaknya nggak nyampe ya.",Yes
299,"@antokvc77 @saifulmujani @saiful_mujani @saidiman @muchlis_ar Betul mas, tp kubu kadrun bukan nya mengambil hati malah menghina warga jateng miskin kok, itu yg bikin gemes dan rakyat hilang respect nya",Yes
300,@Maudy_Kadrun Gassss,Yes
301,@OligarkiBangs4t @ganjarpranowo kadrun panassss wkwkkw,Yes
302,@ojek_ngalong @ganjarpranowo wkwkwk kadrun panasssss,Yes
303,youtube.com/shorts/kk_mb3r?,Yes
304,@yaniarsim @PdiperjuanganP @KPK_RI MAS @budimandjatmiko  Si KADRUN GAK BISA BEDAKAN NIH PROYEK SWASTA SAMA PROYEK NASIONAL PEMERINTAH,Yes
305,@P3n99u94t Rakyat kadrun,Yes
306,"@widarto63285827 @tatakujiyati @bachrum_achmadi @ajengcute16__ @AndiSinulingga @NgkongRoses @_RiuRizkiUtomo @ArnandoFernando @DoankWarto @Abingsanca @AnakTangsiAD @K7_m0en Hidup dah numpang, mau jadi penguasa gratis. Bani kadrun dongok.",Yes
307,@Adi_8002 Manusia naif ni si SP elu pikir maling korup 8T bise ngaku kek elu ngajar anak TK hadeuh manusia macam apa kau ini SP mentang2 punya tv punya segalanya kau bisa ngomong se enak jidat kau saja klu kadrun and Nasdrun boleh lah kau tepuuu macam ini,Yes
308,"@HelmiFelis_ Indonesia lg melesat maju, yg makin mundur kan kadrun goblok ky lo mi ??

Kalo yg namanya terpuruk tuh kayak tanah aer moyang lo n wan jemboet  ini mi 

?????????????????????????? https://t.co/rEPlHF0YyQ",Yes
309,"@rahmaniarbaftim ??????????
PKI : Pasukan Kadrun ...",Yes
310,@Maudy_Kadrun Coba pake mata batin kak maudy??,Yes
311,@StefanAntonio__ Audit juga sewa jet pribadi dan hadiah doorprice di bima,Yes
312,"@msaid_didu @ReflyHZ Ya iya lah orng kadrun semua yg milih, wkwk",Yes
313,"@datuakrajoangek Ya silahkan aja bocorkan, dari jaman capres Prabowo juga bilang bocar bocor faktanya Mentrinya Korupsi juga.. Kadrun Pekok..",Yes
314,@KangManto123 Aku kok ga liat apa2 sih.. Gelaaap,Yes
315,@vi_triasari ????,Yes
316,"@Relawananies Kata siapa..?, Kadrun..?...nggedabruzzz!!!!??????",Yes
317,Hadehh..makin hari makin parah aja ya kadrun..990 santri? Tapi yg bgini @MUIPusat mingkem aja pura2 budek buta gak mau tau..malah ngurusin coldplay,Yes
318,@Maudy_Kadrun Mau dong,Yes
319,"@AndiSinulingga @erickthohir Duh org ini lagi.. udah tidur lah pak... Anda gak perlu bicara banyak..makin banyak anda bicara,semakin byk pula salahnya",Yes
320,@geloraco Kadrun Buduk sekarang jadi tempat berlindung Nasdem dan kalian dimanfaatkan untuk melindungi Sekjen Nasdem yg merampok uang Negara 8 Triliun..,Yes
321,"@_Goentoer_ Kalo sama ini? Mana yg lbh NGIBULNYA?????

twitter.com/cutsarina5/sta?",Yes
322,@firman__nurhuda @agama_nusantara Hrusnya kita itu MALU bukan malah ngatain kadrun..,Yes
323,@PambudiTri @Iwan70703644 @Dennysiregar7 Lebih gentle dibela..drpd disembunyiin??,Yes
324,"@YusraMahendra09 @Tan_Mar3M Kadrun penyembah kotak kubus item memang paling pandai cocoklogi alias ngeles, sing penting cocok. Dasar kadrun penyembah kotak kubus item!",Yes
325,"@yaniarsim @MUIPusat untuk menangkal kadrun busuk sepertimu 
yang merasa paling beragama",Yes
326,@Obay_Kusut1981 Jelas maling msh mau ngelak? kadrun emang idiot,Yes
327,"@Obay_Kusut1981 Begitulah kadrun.. tiap ada pemberitaan hanya dibaca judulnya doang.. dan diartikan sendiri sesuai dgn isi otaknya.. padahal sdh jelas pak Mahfud bilang,klo sdh cukup ada dua bukti kuat maka jgn ditunda status tersangkanya ..dibaca ulang d",Yes
328,"@JoeWongJaVa @PDI_Perjuangan udahlah mas isu lama dinaikin terus wkwk se panik itu kah, btw itu video udah burik coba nonton di channelnya om dedy yang full. biar ga kegiring opini bodoh wkwk kadrun kadrun",Yes
329,"@wah121519_wahyu buzeer anies, kalao g hti, fpi, kadrun ya bandit",Yes
330,@Narasi_winda Dukung kadrun gabung taliban ??,Yes
331,Calon presiden yg digadang gadang bakal perubahan menurut kadrun https://t.co/1KyyO632yW,Yes
332,Asliikk kenpa otak mereka 1500taun mundur.Kadrun cocok gabung sama taliban??,Yes
333,"@HidayatNatari Nyata dan jelas kalo kadrun itu dongok 
?? ??",Yes
334,@kevhunt_13 @firman__nurhuda @agama_nusantara Klo ad nasehat didengarkan jgn ky orng bego malah ngatain kadrun.. Mana ada agama islam ngajarin selama batas wajar gpp.. Bahkan pandanganpun hrus nunduk kebawah.. gk ad yg melarang orang2 mau pacaran tpi sbne,Yes
335,Mendadak jadi Kadrun...??,Yes
336,Idola kadrun,Yes
337,@bluemoon_way @TaufikDamas Ga ada hubunganya drun.. Kadrun,Yes
338,@Aryprasetyo85 Apapun bidang profesi nya.. jika sudah terkontaminasi n terkontolisasi  Ama KADRUN.. pasti auto GOBLOK TOLOL n DUNGU ???????? https://t.co/RSDAwwyG8P,Yes
339,"@UbedilahB Ubaidilah kadrun bela nasdem..?  
Katanya anti korupsi ada yg tersandung korupsi eh di belain mati matian ???????? https://t.co/DOy4quxckN",Yes
340,"@kevhunt_13 @firman__nurhuda @agama_nusantara Km hrus menggaris bawahi.. mereka cuma ngaku2 muslim, kaum bar2 sok suci.. muslim sejati gk menganggap kadrun adlh bagian dari agamanya.. Klo ad yg ngomong agama jgn asal ngecap kadrun..",Yes
341,"@geloraco Halaah habib kadrun si Rijik aja DEDENGKOT CABUL, malah sempat KABUURR lari terCIRIT-CIRIT sampe BERAK-BERAK di jubah minggat selama 4 tahun ngumpetin FELERnya di gurun gegara ngenTHOD memex Firza ??",Yes
342,@Ki_Cebong @KakekHalal Kalau memerintah minta sokong donasi paling depan sana minta donasi pada Si Capres kadrun yg banyak uangnya dari para donasi para Bandar Bohir politik Kongkolemeret hitam korup biar Rakyatnya mendukung Capresnya si Engkong Abas biar,Yes
343,Malu langsung blokir ini kadrun https://t.co/TlJNdugJNj,Yes
344,@Arolumb1102 Begitulah kadrun tukang bo ong,Yes
345,@ch_chotimah2 1 Lagi teroris di tangkap marah juga ?? kadrun titisan siluman kadal ??,Yes
346,@jawapos Pasti perbuatan kadrun,Yes
347,@AndiSinulingga Paham apa kau..udah tidur aja drun,Yes
348,"Kalo aku sampe kiamat juga ogah ikut milih, 
La mbok yg terpilih nanti cebong, kadrun, kadal buduk, monyet, babi, anjing skalipun gak ada ngaruhnya buat aku kok,",Yes
349,@msaid_didu @ReflyHZ gpp jokowi memang selalu klah disarang kadrun hahaha,Yes
350,"@SutanPadoAlam @Uki23 Dari 2014-2019 bahasanya kadrun nggak berubah, "" TUHAN BERPIHAK PADA KEBENARAN""  tapi begitu tuhan berpihak kebenaran itu pada pak Jokowi klen ngamuk, klen benar benar aneh??",Yes
351,@Mdy_Asmara1701 ACARA MURAHAN pake di tawar2in utk ngumpulin massa..biar seolah2 dlm video ntar dibilang pendukung anus membanjiri kedatangangan si anus..padahal dijual murah disosmed..??????,Yes
352,"@YusraMahendra09 @Tan_Mar3M Kalo non kafir gak nyembah kotak kubus item, kadrun bisa ibadah menghadap kmn aja drun penyembah kotak kubus item?",Yes
353,"@Gus_Raharjo Logika kadrun, kawan maka dibilang kriminalisasi, lawan, trgakkan hukum ??",Yes
354,"@YusraMahendra09 @Tan_Mar3M Kadrun penyembah kotak kubus item, tetep aja gak puasa pas tanding kan drun? Mrk ga lagi perjalanan jauh dan gak sakit kan, non kafir penyembah kotak kubus item?",Yes
355,@geloraco dari awal klw punya muka harus nya cabut.....??????,Yes
356,"@HelmiFelis_ Jadi kadrun itu pait idupnye
Seperti kerakap di atas batu
Hidup segan mati tak mau https://t.co/eE7fVprrB3",Yes
357,@geloraco lebih seram lgi yg bkn muhrim nya di raba2...eh ulama nya gk ada tuh yg teriak...drun drun halal haram sikat....,Yes
358,@Maudy_Kadrun Mau dong...pas hari hari ini bangeettt dinginnya????,Yes
359,@YanHarahap @SBYudhoyono @jokowi Bicara gak pke data..hnya nyebarin Berta boong dr sumber media kadrun,Yes
360,@Relawananies Karena dia manusia munafik kadrun yaman,Yes
361,@Naz_lira @ganjarpranowo Partai yang simbolnya Kabah tetapi mendukung orang yang hobinya nonton video porno.. #Mikir,Yes
362,@madmanansang64 @msaid_didu @ReflyHZ Kadrun memang lucu,Yes
363,@HelmiFelis_ Gitu emank pikirannya klu kadrun goblok otak sampah,Yes
364,@OposisiCerdas Kadrun yang HALU. Cebong mah ketawa aja! ??,Yes
365,@Mdy_Asmara1701 Ogah.. gada doorprice nya,Yes
366,@esti_upay @Relawananies Kadrun goblok loe,Yes
367,"@Obay_Kusut1981 Tanya rijik goblok, dia punya banyak koleksi. Pake nanya segala. Tolol main Tweet. https://t.co/LFq3tfaAu8",Yes
368,"@past_ramudeng @P3n99u94t PKI teriak PKI dasar kadrun begok permanen ??
FPI HTI itu pemberontak sama seperti PKI, ngaca lu drun kadrun ??",Yes
369,@Sukardi2017 wkwkk.....kadrun kontraknya ga lama kok.....kasian bidadarinya kelamaan nunggu,Yes
370,"@islah_bahrawi Mantab.
Narasi dg analogi yg mudah diterima akal.
.
Gak tahu kalau akal kadrun, paham pa gak...",Yes
371,@langitan99 Combro apa kentang rebus bang??,Yes
372,@aina_alit Oke istirahat,Yes
373,"@kba_news Kumpulan penjahat yg tidak punya otak.
.
Rakyat indonesia ditololin mereka",Yes
374,@Affan79992133 @ch_chotimah2 ???? Kadrun hanya percaya 72 bidadari di surga,Yes
375,@ubinhasnanto1 @sahaL_AS Takbir https://t.co/nG8GyEOoQM,Yes
376,"@logikapolitikid @ridwankamil @aniesbaswedan Ups sama...
Di group sekolah saya juga beredar hoax begini...

Kebencian dah membuat nalar kadrun ke titik nadir....
Hoax seperti ini sudah menjadi ""santapan rohani"" kaum kadrun ????????",Yes
377,"Kadrun willy kakau anggap pemetintah semena sena, tarik dong mentrinya krlyar dari pemerintah!! Jgn cuma bacot @NasDem @PemudaNasDem @suryapaloh18 ??????",Yes
378,@Miduk17 @Aryprasetyo85 @Metro_TV @ganjarpranowo @dewanpers @03__nakula @adearmando61 @al_lasan @Anak__Ogi @B3doel___ @bung_madin @GunRomli @ch_chotimah2 @DS_yantie @denni_sauya Dulu cenel ini dibenci kadrun sekarang di benci cebong ??,Yes
379,@yaniarsim @MUIPusat Kata ny kudran kadrun sama politik identitas trus jual ayat mayat sama gerobolan yaman dan anti pendatang bahkan ketua knpi anti pak ANIES trus sekarang lagi tempel imam istiqlal hadeeeh,Yes
380,@Mdy_Asmara1701 Yuk merapat ke maling mahoni.,Yes
381,"@Bambangmulyonoo @ReflyHZ Jika RH bilang begitu berarti Ganjar adalah yg terbaik.
.
RH itu otak cober4n",Yes
382,@Maudy_Kadrun boleh ke CBS,Yes
383,@logikapolitikid @ridwankamil @aniesbaswedan Gila biadab dasar Gak pny pendidikan ya ini percuma blng sm Gubernur medsos sm2 KADRUN,Yes
384,@yunartowijaya Namanya juga se kadrun,Yes
385,@logikapolitikid Panik si entit.... Postingan di buang semua.... ????????.... Kadrun dulu pendukung prabowo pindah ke @aniesbaswedan .......,Yes
386,@AgusYudhoyono Ini klo terlalu lama dekat capres.. bisanya hanya bernarasi sebuah gagasan utk merubah ide menjadi sebuah karya agar menghasilkan sebuah kesemakmuran yg dihasilkan dari mengolah ide dan gagasan dalam narasi sehingga gagasan narasi dan ide b,Yes
387,"Padahal ane sering banget direndahkan oleh kadrun.
Artinya ane lebih tinggi dong dari kadrun ?
Alhamdulillah ??????",Yes
388,@yo2k71 @narkosun Kadrun lawan nya kirdun...,Yes
389,@PutriKindy Lha..emang dia kadrun kok,Yes
390,@aniesbaswedan @PKSejahtera Bimtek aleg???Mungkin maksud anda adalah Bimtek Eleg,Yes
391,"@MGhani39013315 @Bambangmulyonoo @aniesbaswedan Kalau bicara hutang ya dr dulu juga  ngutang .
.
Ini mah maling mahoni diusung dgn hutang piutang.
Itu pribadi dan mafia,,bukan urisan duit negara yg buat mmbangun.
.
Tolol",Yes
392,"@_riverheaven Buat kadrun yg namanya prestasi itu :
- Bakar ban dijalan ketika demo
- ngeBOM gereja
- membunuh polisi
- meruntuhkan pagar gedung DPR
- SILAHKAN TAMBAHIN..... https://t.co/2eATMPSO0t",Yes
393,@ch_chotimah2 Sama saja dg yang suka ngatain kadrun tdk sesuai dg pancasila,Yes
394,@detikcom Vincent &gt; Desta,No
395,Vincent&gt;Desta,No
396,"Hai berhubung gw fans berat vincent desta dan semua yang udah terjadi gw masih syok parah, gw akan mute kata2 yg ada desta ya",No
397,"Tiket 200k dapet kaos,totebag,bunga mawar fresh,photocard,oil serum,eskopi (abis diminum pas acara) gak cuma nonton dikta aja,tp ada vincent,desta,dudy,eros.
Puas banget,ga nyesel lah ngeluarin 200rb buat me time.
Terima kasih ya Allah aku senang,tuman nonton konser dewekan. https://t.co/szvbRdmEbq",No
398,"@EIGHT1NY iya si betul tp ak ngeliatnya emang pure bercandaan laki doang, aku liatnya dia family man banget sesayang itu dia sama anak2 nya, kalo ampe beneran slingkuh ak siap nonton pergelutan vincent desta, krna vincent uda segitu terima kasih nya sama caca karna nyelametin desta TAU DEH",No
399,@gomezners bio lo vindes tuh vincent desta‚Ä¶. gua kira artis barat fak,No
400,Kok ada yaa orang ngefans sama Vincent desta,No
401,"definisi konser dikasih banyak bonus, nonton Masta bonus Vincent Desta sama Eross ü•≤ü•≤ü•π https://t.co/qRx6mCFl3G",No
402,"Akhirnya bisa nonton Vincent Desta, di bonus Eross Chandra dan Dikta. https://t.co/R3yIAiZ8rz",No
403,@AlvChrist Bodohnya gua ngira vincent desta itu orang yg sama,No
404,"@mediocrickey @vincentrcrd Lu ga pernah nonton yutub ya, bang? Kok ga tau Vincent? Vincent mah sahabat Desta, acaranya aja sampe dinamain Vindes (Vincent Desta) ga mungkin kan Vindes (Vincent Deni siregar)?",No
405,"@bacodpublic @mediocrickey Soalnya gofar sendiri. Kalo desta ada tameng yg sgt kuat yaitu Vincent. Percaya deh kalo ga ada Vincent, Desta bukan siapa-siapa.",No
406,Peaknya Vincent-Desta itu ya Tonight Show studio lama :),No
407,"@mediocrickey bonsernews.com/showbiz/479882‚Ä¶ 

Aku mah mendoakan yg terbaik aja buat mereka dan mengenang momen-momen ini aja. Sebagai fans Tonight Show saya berterima kasih Vincent Desta udh bikin senyum. Caca jg makasih udh bikin hidup Desta lumayan terarah. :((",No
408,"Re-Tweet KERAS !!!
Tags :
BREAKING NEWS Pak Hary Tanoe Soedibjo FULL BOOKED Johnny G Plate Kemenkeu Natasha Rizki Vincent Desta Biaya Admin Botuna Desta Putri KW Caca JenKai
#SudirmanCup2023",No
409,Tag chris martin vincent desta natasha rizki caca botuna garuda muda hah beneran dapet breaking news fast x morgan cat 4 cat 5 biaya admin PA 212 32 tahun dino pink hair my my brand power jin coldplay argentina indonesia,No
410,"mimpi semobil sama Vincent Desta, trus Desta nyeritain alesan kenapa gugat cerai caca wkwkw",No
411,"Berkat Ganjar, Penghargaan Pembangunan Daerah (PPD) kembali diraih Provinsi Jawa Tengah di tahun ini.

#Vincent #Desta #Botuna #Cat8 https://t.co/FxmxFbHJan",No
412,chris martin vincent desta natasha rizki botuna garuda muda hah beneran dapet breaking news fast x morgan cat 4 cat 5 caca biaya admin 32 tahun dino pink hair my my brand power jin coldplay argentina indonesia,No
413,"Jennie Taehyung dating Taennie
Vincent desta natasha rizky botuna dapet caca morgan kaget komang chris Martin biaya admin 32 tahun   cat 3 212 fast x dino pink hair garuda muda breaking news argentina kaget Coldplay Indonesia",No
414,"@moodbosvter @sosmedkeras Enzy udah punya pacar. Kalau lu penggemar Tonight Show pasti tahu kalau Vincent, Desta sering mancing¬≤ Enzy buat spill pacarnya yang di Amerika",No
415,"#vincent desta cerai natasha rizki atau natasha rizki cerai desta??..
Botuna(bocah tua nakal) https://t.co/EfAd3krQuv",No
416,"Terimakasih kejaksaan telah menyelamatkan uang rakyat dari pencurian Johnny G Plate

PA 212 Fast X Natasha Rizki Morgan rizky ridho Vincent Desta https://t.co/8GfeZ50ZJs",No
417,"Komitmen pemerintah berantas korupsi tidak ada tooleransi

PA 212 Fast X Natasha Rizki Morgan rizky ridho Vincent Desta https://t.co/jYD9Wyhgxe",No
418,"Fakta dan bukti berbicara tidak ada kriminalisasi dalam kasus Johnny G plate

PA 212 Fast X Natasha Rizki Morgan rizky ridho Vincent Desta https://t.co/EheTH8LoBX",No
419,Padahal lagi sering seringnya nonton vincent desta ü•≤,No
420,"Semua kekeselan ini bermula dari bercanda Spontan Uhuy malah disautin ""Jokes Vincent Desta"" https://t.co/MDxILOBMTS",No
421,"Duuuhhh ga sabar nonton aksi Om Tom Cruise... Mission Impossible.
Vincent Desta Morgan https://t.co/RovNCzPIxo",No
422,Botuna 32 Tahun Kaget Biaya Admin Morgan Natasha Rizki Dapet marselino Fast X BREAKING NEWS PA 212 DINO PINK HAIR Jongkok Garuda Muda Cat 4 Real Madrid Cat 8 ZHANG HAI 1ST LOOK Cat 5 BRAND POWER JIN Vincent Desta Refresh #jeketiselcaday Manchester City,No
423,"Re-Tweet KERAS !!!
Tags :
BREAKING NEWS Pak Hary Tanoe Soedibjo FULL BOOKED Johnny G Plate Kemenkeu Natasha Rizki Vincent Desta Biaya Admin
#TabletRasaLaptop
#SEAGames2023",No
424,"Pliss gue gabisa kalau udh maslaah nya tentang kluarga tonight show gini ni (vincent,desta, hesti, enzy)",No
425,#Vincent #desta Bajingan..... https://t.co/CKaLgtg5ru,No
426,"Johnny G Plate tertangkap, akankah Surya paloh menepati janjinya membubarkan NasDem?!!

PA 212 Fast X Natasha Rizki Morgan rizky ridho Vincent Desta https://t.co/yZpCxLzmRQ",No
427,"youtu.be/2sLdEOvmSQo

Vincent  Desta  Garuda Muda Fast X https://t.co/YHCEcmgv2Y",No
428,"youtu.be/UK_ov8F_XdM

PA 212 
Fast X
Garuda Muda 
Vincent 
Desta https://t.co/49kGnGBhwc",No
429,"Genjot Indeks Persepsi Korupsi, Pemerintah Tancap Gas Bersih-bersih Kementerian-Lembaga
akurat.co/genjot-indeks-‚Ä¶

PA 212 Fast X Natasha Rizki Morgan rizky ridho Vincent Desta",No
430,"Vincent desta natasha rizki dapet botuna morgan cat 8 kaget biaya admin fast x garuda muda pa 212 breaking news cat 4 cat 3 hogwarts kemenkeu christ martin akane sehun jongkok 

twitter.com/dumdummentai/s‚Ä¶",No
431,"Genjot Indeks Persepsi Korupsi, Pemerintah Tancap Gas Bersih-bersih Kementerian
kumparan.com/kumparannews/g‚Ä¶

PA 212 Fast X Natasha Rizki Morgan rizky ridho Vincent Desta",No
432,"Plate Ditahan, Pemerintah Genjot Indeks Persepsi Korupsi dengan Bersih-bersih Kementerian Lembaga
wartakota.tribunnews.com/2023/05/17/pla‚Ä¶

PA 212 Fast X Natasha Rizki Morgan rizky ridho Vincent Desta",No
433,"@kitthns @txtdrimedia Yg bucin mah Vincent, desta biasa aja sih",No
434,"Vincent, Desta &amp; Natasha Rizki trending di Twitter... Tp ""nyampah"" komennya di IG mereka üò™",No
435,"AQEELA DAILY - Kebun Binatang Mini Bogor youtu.be/ogoSUqY-jqU via @YouTube 

Vincent desta natasha rizky botuna dapet caca morgan kaget komang chris Martin biaya admin 32 tahun cat 8 cat 6 cat 4 cat 3 pa 212 fast x dino pink hair garuda muda hah beneran Coldplay Indonesia",No
436,Vincent desta natasha rizky caca morgan bisma rafael smash komang biaya admin 32 tahun cat 5 cat 6 cat 4 cat 3 pa 212 fast X dino pink hair garuda muda Indonesia Coldplay Chris Martin botuna dapet kaget marselino BRAND POWER JIN,No
437,"Resmikan Rumah Pembauran Kebangsaan Pertama Di Indonesia, Ganjar: Karena Kita Bersaudara

Vincent Desta Natasha Rizki Fast X Botuna Manchester City 32 Tahun Morgan Biaya Admin CAT 6 Garuda Muda Kaget Dapet PA 212 Real Madrid CAT 8 BREAKING NEWS CAT 3 https://t.co/lV21ayrlZ6",No
438,"Vincent Desta Breaking news 
Beli di Bukalapak lebih praktis dan aman¬†üëç
bukalapak.com/p/rumah-tangga‚Ä¶",No
439,"Pak Ganjar Terbaik Untuk Indonesia.. Rakyat Siap Mendukung

Vincent Desta Natasha Rizki Fast X Botuna Manchester City 32 Tahun Morgan Biaya Admin CAT 6 Garuda Muda Kaget Dapet PA 212 Real Madrid CAT 8 BREAKING NEWS CAT 3 https://t.co/M2M5bygYU9",No
440,"Vincent Desta Natasha Rizki cat 8 botuna mabuk capt Morgan dg gaya doggy, ada yg bisa memuaskan hasrat..? #vcs
#anakuniqlo https://t.co/WLbKNchePG",No
441,t. vincent desta natasha rizki botuna cat 6 dapet 32 tahun fast x cat 8 cat 3 morgan garuda muda kaget pa 212 biaya admin seungkwan dino pink hair  cat 4 cat 5 komang niki wts wts wasit timnas headsets alhamdulillah ya allah kejagung run to you dapet lee jeno thank you,No
442,"Temukan KADONIO Kipas Angin Mini Portable USB Cas Karakter Dapat Digunakan Sebagai Dudukan Ponsel KL-FN20 dengan potongan 80%! Hanya Rp15.900  shope.ee/8A0nnyBsq8?sha‚Ä¶ #ShopeeID
Morgan Vincent Desta ""FULL BOOKED"" Botuna https://t.co/juk1y8vqYF",No
443,"Vincent desta morgan natasha botuna
Piknik aja drpada stres dan berakhir cerai
Magelang-jogja ready manut selalu üöÄüöñ https://t.co/Gk7W9PrU0J",No
444,"chris martin vincent desta natasha rizki botuna garuda muda hah beneran kaget dapet breaking news fast x morgan morgan cat 5 caca biaya admin 32 tahun dino pink hair my my brand power jin coldplay argentina indonesia garuda muda

shope.ee/4pkKDzmVal
https://t.co/tN5sbdAV0P",No
445,"Alhamdulillah ya Allah, punya uang segini di depositokan, tiap bulan labanya berapaan ya ? üòäüí™

üè∑Ô∏èNatasha Rizki, Vincent, Desta, Caca, Botuna, Morgan, 32 Tahun, Garuda Muda, Fast X, PA 212 https://t.co/q0D1L50KF2",No
446,32 tahun Vincent Desta Niki Komang Caca Dapet Sananta open vcs bertarif udah ready yah https://t.co/UFXg9Yl8ed,No
447,Buka trending vincent desta yg keluar malah cwe2 ga punya bajuüôè,No
448,"chris martin vincent desta natasha rizki botuna garuda muda hah beneran dapet breaking news fast x morgan cat 4 cat 5 caca biaya admin 32 tahun dino pink hair my my brand power jin coldplay argentina indonesia

Hp Nokia 2720 flip shope.ee/6pVQCOnylu?sha‚Ä¶ https://t.co/1H8We5BQhd",No
449,"Jangan lupa makan guys 

________
Tag chris martin vincent desta natasha rizki caca botuna garuda muda hah beneran dapet breaking news fast x morgan cat 4 cat 5 biaya admin PA 212 32 tahun dino pink hair my my brand power jin coldplay argentina indonesia https://t.co/dZdYXB0seL",No
450,"chris martin vincent desta natasha rizki caca botuna garuda muda hah beneran dapet breaking news fast x morgan cat 4 cat 5 biaya admin PA 212 32 tahun dino pink hair my my brand power jin coldplay argentina indonesia

ü´ß shope.ee/9p8n36cHi7?sha‚Ä¶ https://t.co/cJUgmpaBgq",No
451,"Katanya sih ini tempat galaunya warga Pekanbaru. Udah pernah sampe sini ndak? üòç

üé•: vt rudi.saputraa
üìç: Gema, Kampar

#kabarpekanbaru #wisatariau #kampar #riau

Nature Sound - Mood Booster

üè∑Ô∏èNatasha Rizki, Vincent, Desta, Caca, Botuna, Morgan, 32 Tahun, Garuda Muda, Fast X, PA 212",No
452,"Vincent Desta Botuna Kaget liat Komang Dapet Caca,  yg mau order vcs cek whatsapp dibio ya #VCS https://t.co/6iz9GV8J6a",No
453,"yang jual diri bisa minggir dulu ga sih gue mau tau kenapa vincent, desta, morgan trending",No
454,chris martin vincent desta natasha rizki botuna garuda muda hah beneran dapet breaking news fast x morgan cat 4 cat 5 caca biaya admin 32 tahun dino pink hair my my brand power jin coldplay argentina indonesia #racunshopee #racunshopeecheck #shopeehaul,No
455,"chris martin vincent desta natasha rizki botuna garuda muda hah beneran dapet breaking news fast x morgan cat 4 cat 5 caca biaya admin 32 tahun dino pink hair my my brand power jin coldplay argentina indonesia

Helm hijab
shope.ee/7KRbgIbRTN?sha‚Ä¶ https://t.co/ig91nfDPWa",No
456,"Terimakasih Garuda Muda #SEAGames2023 ga kaget atas hasil yang diperoleh, melihat mental Juara timnas Indonesia. (32 tahun)

Tags :
Kaget sama berita desta, semoga selalu baik-baik. Dari kecil suka banget liat vincent desta di mtv bujang.

#AirlanggaHartarto 
#golkarindonesia https://t.co/56IQMcBXEB",No
457,"Capres Idaman Yang Membela Rakyat‚ùó
Ini tanggapan Jokowi dari beberapa Capres Yang MajuüáÆüá©

Vincent Desta Natasha Rizki BREAKING NEWS Botuna Garuda Muda Fast X Caca PA 212 Biaya Admin Manchester City https://t.co/k5WHenMlNZ",No
458,"irawan.me/menu-rice-bowl‚Ä¶
Menu rice bowl kekinian anti galau, sosok untuk buka usaha.

Vincent Desta Botuna Biaya Admin Caca CAT 8 Natasha Rizki Morgan Dapet CAT 3 #bisnis #bisnisupdate #makanan",No
459,"Perasaan kemarin waktu live di vindes bareng crew club80s Vincent Desta seperti biasanya tu, kok tiba-tiba gini ya, gak nangka",No
460,"Vincent Desta natasha rizki cat 8 botuna Morgan Caca cat 5 Garuda muda biaya admin cat 8 fast x Zhang hao my my Dino pink hair kaget brand power jin dapet cat 3 seungkwan kaget dapet breaking news 32 tahun Komang pa 212 run to you cat 4

Mobil remote 
shope.ee/A9l6UIEPi4?sha‚Ä¶ https://t.co/tA1wBaybuc",No
461,Siap poto konser vincent desta https://t.co/QPTLkqSz5h,No
462,"Desta menggugat cerai sang istri, Natasha Rizki. Gugatan diajukan ke Pengadilan Agama Jakarta Selatan pada 11 Mei 2023. 

üè∑Ô∏èNatasha Rizki, Vincent, Desta, Caca, Botuna, Morgan,",No
463,"Lembaga survei Charta Politika Indonesia mengungkapkan Ganjar Pranowo dinilai sebagai tokoh yang paling layak untuk meneruskan kerja Joko Widodo (Jokowi).

#Vincent
#desta 
#Botuna 
#NatshaRIzki https://t.co/7FTeAAOdHC",No
464,"Natasha Rizki, Vincent , Desta ,Botuna , Kemenkeu
-
-
- An Offer https://t.co/CLBSOoZOPe",No
465,"Budaya Indonesia
Maju terus dan pertahankan Budaya Kita
Kita IndonesiaüáÆüá©

Vincent Desta Natasha Rizki BREAKING NEWS Botuna Garuda Muda Fast X Caca PA 212 Biaya Admin Manchester City https://t.co/0uC2ifw7y3",No
466,"Banyak Kalangan menaruh harapan Untuk Ganjar‚ùó
Itu untuk Indonesia Kedepan, Ganjar Menang üáÆüá©

Vincent Desta Natasha Rizki BREAKING NEWS Botuna Garuda Muda Fast X Caca PA 212 Biaya Admin Manchester City https://t.co/fRnoYNMLOJ",No
467,"Sebagai fans Vincent Desta juga subscriber Vindes serta penonton setia Tonight Show, sedih anjir baca ini. 

Tonight Show bisa bisa beneran bungkus. üòî Mana Enzy mau stay di Eropa, eh Desta cerai dan pastinya berdampak ke performa rating TNS. 

Mana kemaren KPI negur NET pula. üò¢",No
468,"BREAKING NEWS
NasDem panik! Johnny G Plate kader NasDem ditetapkan sebagai tersangka kasus korupsi oleh Kejagung! NasDem makin nyungsep! xixi #NasDemPanik #viral #fyp #fyp„Ç∑ 
Vincent
Desta
Natasha Rizki
Garuda Muda
Caca https://t.co/tGqzjY56sP",No
469,"Sejauh Mana Bagusnya Hilirisasi di Indonesia‚ÅâÔ∏è
Bicara itu dari Jokowi dan GanjarüáÆüá©

Vincent Desta Natasha Rizki BREAKING NEWS Botuna Garuda Muda Fast X Caca PA 212 Biaya Admin Manchester City https://t.co/hkg9w7tyhx",No
470,BREAKING NEWS Vincent Desta Morgan https://t.co/2IO0x6EbUC,No
471,"Bukan masalah gimana caca desta dan vincent. 
.
Desta tajir. 
Caca cantik. 
Vincent punya keluarga sendiri.  Mereka bakalan mudah menjalani hidup. 
.
Tapi inget ada trio strong. Yg jadi korban ke egoisan kalian selaku orang tua. Yg samai kapanpun gak akan bisa terima nasib mereka",No
472,"Anies wong sekewet..!! Macam kapot dak ado otaknyo, wong sampah idak galak dipilih yo.

Vincent Desta Natasha Rizki BREAKING NEWS Botuna Caca Biaya Admin https://t.co/T02Kn33OaI",No
473,"#vincent desta cerai natasha rizki atau natasha rizki cerai desta??..
Botuna(bocah tua nakal) https://t.co/AcloqkeEBo",No
474,"Inspirasi outfit buat nongkrongüî•

üîΩ A Thread üîΩ 

TAG : Vincent, Desta, Botuna, Fast X, Garuda Muda https://t.co/CwXq0uszDO",No
475,"Bisa-bisa hancur negara kalau dipimpin Anies si Raja Ngibul..!! Sok-sok an mau jadi Presiden, urus Jakarta aja hancur amburaadul.

Vincent Desta Botuna BREAKING NEWS Natasha Rizki Fast X Biaya Admin https://t.co/uH4objTPFk",No
476,"Ini orang perusak demokrasi dan pembuat gaduh di negeri ini..!! Bawa politik identitas untuk menipu ummat, sungguh bejatnya sikapmu Anies..!!

Vincent Desta Natasha Rizki Botuna Fast X PA 212 https://t.co/BEViRqQXRI",No
477,"Bappenas RI memberikan penghargaan kepada Jateng sebagai Provinsi Terbaik Pertama dalam Penghargaan Pembangunan Daerah (PPD) 2023. #menangtotal

Vincent Desta BREAKING NEWS Garuda Muda Botuna Argentina Natasha Rizki https://t.co/k8UeJvXZs7",No
478,"Pengamat Politik IPI, menilai pernyataan Jokowi dalam Musra tentang sosok ideal untuk menjadi pemimpin Indonesia ke depan erat kaitannya dengan Ganjar. #menangtotal

Vincent Desta Natasha Rizki Botuna Garuda Muda PA 212 Argentina https://t.co/IYlXfVJcLi",No
479,"Desain kamar tidur minimalis by dekori

Tag : vincent, desta, breaking news, #rumah #kamartidur #desain rumah https://t.co/5MqNFOGoXL",No
480,"Gue ngefans ama Vincent desta, tapi beneran beritanya anjing ya lu desta nyia-nyiain cewe sesempurna natasha rizky",No
481,"gasuka ngurusin hidup nya para artis tpi klo udah anggota tonight show (vincent,desta,hesti,enzy) lain cerita",No
482,"cowo2 kyk vincent desta &amp; sirkel2nya itu sebenarnya ga cocok buat nikah, cocoknya jdi sigma male don ala2 the godfather aja",No
483,"Yang lain aja si, jangan vincent desta üò≠",No
484,@ammosvor @tanyakanrl Kirain cuma gw yang beranda YT Shorts nya isinya potongan2 klip Vincent Desta di acara TV. Dan paling banyak potongan videonya si doi yg genit klo ada bintang tamu cewe wkwk makanya ga kaget,No
485,"Vincent &gt; Desta all the way sih. Semenjak tahu cerita spill doi soal kelakuannya di radio, udah gak ada respect sama dia.",No
486,@enyieForger @tanyakanrl Masih ada pak Vincent desta,No
487,"@kegblgnunfaedh Makaaannn 
Trus lihat podcast nya vincent desta",No
488,"@jenaarubyjane @tanyakanrl Surya Insomnia, Darto, Vincent, Desta, Omesh",No
489,@tanyakanrl vincent desta raditya dika arie kiting?,No
490,"itu orangnya mau gua jadi parto, andre, wendy, vincent, desta kayaknya gua mah bisa-bisa aja",No
491,"Heyhooooo

Kabar gembira buat para ladies area YK
Mas Tata @diktaaaaa kita bakal ada panggung di Jogja, besok 18 Mei 2023 di Asha Akasa
Ditemenin sama Vincent &amp; Desta

Buat yang pengen beli tiket, pantengin terus akun khh
Akan ada kejutan menarik

&gt;&gt;&gt;&gt;&gt; https://t.co/HNEyU65N2b",No
492,"Spesial didatangkan untuk membongkar cerita-cerita Vincent &amp; Desta terdahulu, bersama para Keker! Apatuh Keker? Kerabat Kerja Club80s!

Sudah tayang di Youtube Vindes. Klik youtu.be/2v9iCP0lcbY

#Vindes 
#VincentandDesta https://t.co/8rTf8TzLNK",No
493,CREW CLUB80S SAKSI MASA-MASA VINCENT DESTA DI CLUB80S! INDAH ATAU KELAM? Jadi gini cerita Vincent &amp; Desta waktu masih di Club80s?! #Vindes #VincentandDesta ... youtube.com/watch?v=2v9iCP‚Ä¶,No
494,"@iyaiyaajah @doubts23073095 @mediocrickey Krna vincent,desta sama pak andre gamau ü§£",No
495,"Gila kenapa cowo"" skrg ya si fandy ngikutin christian sugiono ,emang suami idaman ter the best sih pastinya vincent desta dan kurt cobain üòãüòãüòãüòçüòòüòò",No
496,"Maybe unpopular(?):
Kombo sule-andre tuh lebih lucu andrenya, kombo vincent-desta lebih lucu vincentnya. Pendapat pribadi aja sih ini",No
497,ya bener sih. kirain vincent desta ... https://t.co/ElNoYge2UU,No
498,"@mediocrickey @RizkyDS_ Andre dulu pernah bilang pengen bikin duo ama susu dele seperti vincent desta,tp gak jd kata andre susu dele nggak mood an ,sdh nggak klik ü§£ü§£ü§£ü§£ü§£",No
499,@tanyakanrl aku aja kl nti nikah mo nanggap adelle kl mc mau vincent destaüëç,No
500,"@seokmaithew au ah, gua ngestan vincent desta aja",No
501,@yuji4n kata gua kita ngebias vincent desta aja cha,No
502,Vincent Desta versi Korea,No
503,@JPFBASE Sugita ama nakamura yuichii itu literally vincent desta,No
504,Seoksoon vincent desta mengvalid sih,No
505,"Vincent &amp; Desta x  Efek Rumah Kaca ""Cinta Melulu"" Tiba-Tiba Suddenly Rek... youtu.be/zCYEGNkrtmc @YouTube„Çà„Çä 

„Åø„Çì„Å™„ÅßÊ≠å„Åä„ÅÜ cinta melulu
„Ç®„Éï„Çß„ÇØ „É´„Éû „Ç´„Ç´ Êñ∞Ë≠ú„ÅåÂá∫„Åæ„Åó„Åü",No
506,"I vote lyodra
Ivote bunda Corla
I vote boy William
I vote Vincent Desta
@imlyodra @desta80s https://t.co/y9YXwgBHjG",No
507,"Iqbaal Ramadhan Gugup Ditunjuk Jadi Host Program Baru Vincent Desta

tabloidbintang.com/berita/185434-‚Ä¶",No
508,Vindes Media Hadirkan Kolaborasi Lintas Generasi Fenomenal: Iqbaal Ramadhan dan Vincent - Desta dlvr.it/Snp6Ty,No
509,Iqbaal Ramadhan Digaet Vincent Desta Jadi Host Program Bertema 90-an dlvr.it/SnmRlh,No
510,"@ivannmakhsara Padahal Vincent Desta itu band-nya Clubeighties, bikin konten 90an, pemerannya anak yg lahir tahun 99..

Random...",No
511,Vindes Media Hadirkaan Kolaborasi Lintas Generasi Fenomenal: Iqbaal Ramadhan dan Vincent - Desta dlvr.it/SnlzpH,No
512,"@starfess ini cuma ada vincent desta sih tp belakang nya seventeen, nemu di tl fotonyaüò≠üôèüèª https://t.co/lMIZIqEulw",No
513,"@ArditErwandha Ehh ini bukannya yg di undang di channelnya vincent desta bukan sih, toi gw ga tau namanya üò≠",No
514,Sule-Andre vs Vincent-Desta,No
515,"@zarryhendrik Hp iphone jatoh aja cuma disingkirin kepinggir jalan gada yg ngambil
Kemaren liat video vincent desta sama haruka",No
516,"@tanyarlfes Vincent, desta, enzy ??!!?!",No
517,Bener2 kayak vincent desta dah sumpah wkwkwkwk https://t.co/wUQjGAjs7D,No
518,@tanyarlfes vincent desta cardiB,No
519,vincent desta,No
520,@Puppymilkjake vincent desta üòµ‚Äçüí´,No
521,"@pandji Yang pertama : duet Setyawan tiadatara dan kelik pelipurlara, dan duet Topan Lesus.
Yg lama gak nonton : Ya kelik dan Setyawan
Yg di tonton : Vincent desta Hesty Enzy, Pemain Lapor Pak",No
522,vincent desta https://t.co/KS3TCj0tLQ,No
523,@tanyarlfes Vincent desta,No
524,vincent &amp; desta https://t.co/a7JcMlCKIr,No
525,"PANTESAN YA SEKARANG GUE SUKA SEOKSOON, ORANG DULU GUE SUKA VINCENT DESTA üò≠üò≠",No
526,ingpo gk penting karena sudah ditemukan vincent desta - seoksoon gw hrs cari pairing lain,No
527,TERUS ADUH SI VINCENT DESTA (seoksoon) KELEEWAtaaaNNN MNRT GWWWWW,No
528,"@pandji Kirun dan bagio
Sule
Vincent desta andre",No
529,@Ascendancre kata gw sih mending kita jadi vincent desta,No
530,"andre sule  ‚ùåÔ∏è
vincent desta ‚ùåÔ∏è
abdel temon ‚ùåÔ∏è
adul komeng ‚ùåÔ∏è
seok soon ‚úÖÔ∏è

https://t.co/4Tx7yTPqR6",No
531,BENERAN VINCENT DESTA https://t.co/sGN65ylS1Y,No
532,"@pandji pelawak pertama kang sule
udah lama gak di tonton warkop dki
sekarang sering ditonton vincent desta sama surya insomnia",No
533,@topiijomasallll Anya geraldine dtg ke podcast Vincent-desta gak mandi tetep CantiküòÖ,No
534,"@cattleyamiaw ADUH GAPAPA BGT SUMPAH! Mau Sule Andre, Vincent Desta, Topan Lesus, Daesung Riri, Shindong Eunhyuk, aku bakalah suka bgt sama MarkGem üòÜüòÜüòÜ",No
535,@CenayangFilm Di film ini ada vincent desta,No
536,minimal kelakuannya kaya Vincent Desta,No
537,@pegaIino vincent desta DUPE,No
538,semoga YBBA bisa seseru Vincent Desta Hesti Enzy bahkan lebih dan semoga kita bisa saling melindungi menjaga silaturahmi semoga juga pertemananya panjang umur dan kita semakin dekat seperti keluarga aamiin,No
539,KEAHLIAN VIDI BULLE BIKIN VINCENT DESTA NGAKAK!  youtube.com/watch?v=3BYHok‚Ä¶,No
540,I would say vincent desta since sule is kinda problematic,No
541,@haveeingfun vincent desta hesti enzy,No
542,"@haveeingfun Vincent, Desta, Enzy, Hesti",No
543,@haveeingfun vincent desta enji hesti,No
544,"@haveeingfun hesti enzy vincent desta, kadang ada danang",No
545,WAWANCANDA EBEL COBRA - TERIMA KASIH VINCENT DESTA youtu.be/Q1BFeFy84ZE via @YouTube,No
546,"WAWANCANDA EBEL COBRA - TERIMA KASIH VINCENT DESTA
youtu.be/Q1BFeFy84ZE",No
547,@OsenFalcortz Vincent desta,No
548,@haechantekkim vincent desta gak sih?üò≠,No
549,Vincent Desta Korean Ver,No
550,vincent desta sih,No
551,vincent desta cabang korea https://t.co/MHw7hUYS7J,No
552,"bisa aja dah ah vincent desta
https://t.co/LRWJeQbCvw",No
553,"@zee00nunew @CwrNew @zee_pruk Prediksi jaya jaya jaya
Club motornya vincent desta dkk",No
554,"Om om paling menarik di Indonesia cuma Vincent, desta, sama gading üôèüèª",No
555,@vaaspace ahmad dhani punya f(x) = y dan kenapa hidrogen perklorat ditabrak vario mengucapkan selamat idul fitri garis lurus bersinggungan terbaik dewa 19 vincent desta bawa bejana kopi V60 silverqueen kenapa dia bisa tiba tiba tenis sparta telaga gudeg,No
556,"Kemarin paman datang
pamanku vincent desta",No
557,@ssefnum Tonight show..... Vincent &amp; desta....,No
558,@ielysea @rentfess @atlantimc @racoonteurv @iArktik Kagak lihat Vincent desta gue,No
559,VINCENT DESTA.. ORANG KOK GIMIK TERUS HERAAAAAAN!!  youtube.com/watch?v=81T9op‚Ä¶,No
560,@firstfleur @thirtny Lucuan Vincent Desta,No
561,@shespidee vincent desta anjg bukan bokep üò≠üò≠üòç,No
562,Gw berarti gamimpi pas tidurbsetel vincent desta dan scroll tiktok,No
563,"ini kok feeling gue vincent desta sebenernya ditawarin film ini juga ya? (ofc mereka nolak)

i mean majority castnya temennya semua bjir....",No
564,"@angewwie My name is Vincent and I can't tell you how many times I corrected my own names. For a few times I had to say ""itu lho kayak Vincent Desta di TV"" but it doesn't help much.",No
565,taeil johnny vs vincent desta,No
566,@tanyarlfes satu tingkat diatas vincent - desta,No
567,"@xosetiyono @iIhamzada Emang gampang ""biar diurus Vincent-Desta""? 
Gak semudah ketikanmu. Cabang Olahraga ini sarat bisnis dan kuasa.",No
568,"@iIhamzada Tenis meja bisa gk biar di urus Vincent Desta, waktu gelar pertandingan antara Abdel dan Desta seru juga itu.
Dan waktu itu juga ada kritikan terhadap pengurusan tenis meja juga.",No
569,"@prabudjie Cinlok di vincent desta agency

A THREAD",No
570,"Komi sisen 1 dan 2 (baca komiknya juga)

Se7en
Zodiac
Madoka Magia
Mushoku Tensei
Summer Time Rendering
Suzume no Tojimari
Batman The Dark Night 
Pretty Boys(yang vincent desta)
Miracle in Cell No.7 (yang indo)
Avengers End Game (dan film mcu sebelumnya)
Demon Slayer(baca komik)",No
571,enga jawab vincent desta aja bangüòå,No
572,humor bnr ni psngan kyk vincent desta,No
573,"@putpuwi Harusnya - Youtube om ,youtube vincent desta show show show , biar kaya iyeb ü§£ü§£",No
574,"üë¶: kerja dimana skrg?
ü•∞: di Vindes om..
üë¶: apaan tuh?
ü•∞: youtube om.. youtube Vincent Desta
üë¶: oh kayak youtuber gitu yah",No
575,@jwoniiee_ Vincent desta itu kalo nyanyi bon jovi liriknya diganti ü§£,No
576,lucunya sebanding sama vincent-desta,No
577,"@dilfsdo vincent, desta mnüòîüòîüòîüòî",No
578,"K1
Henry 'Batman'
Vincent
Desta
Cliff 
Lembu
Ytonk",No
579,"DBD + Lembu
Ytonk
Henry 'Batman'
Vincent
Desta
Cliff",No
580,"DBD + Henry 'Batman'
Vincent
Desta
Cliff 
Lembu
Ytonk",No
581,"DBD + Henry 'Batman'
Vincent
Desta
Cliff 
Lembu
Ytonk",No
582,"H3 S Henry 'Batman'
Vincent
Desta
Cliff lembu ytonk.",No
583,"Mana duet terlucu menurut kalian? 
‚Ä¢ Komeng &amp; Adul
‚Ä¢ Vincent &amp; Desta
‚Ä¢ Andre &amp; Sule
‚Ä¢ Maguire &amp; De Gea https://t.co/JJ0l8bKUYI",No
584,"@vindestwitt Mungkin dia gak ngerti arti dari keluar dari zona nyaman, kalo konsep nya gitu"" doang gimana perusahaan mau maju, mana sekarang saker nya tambah banyak, kan Vincent Desta pernah bilang kalo saker sejatera dan makmur mereka senang dan bahagia, yg ngerti filosofi nya pasti tau",No
585,"@febryfeb @vindestwitt Justru itu gk sih tujuannya. Secara korporasi kl cuma ngandelin figur vincent-desta doang, bisa brp lama? emangnya bakal terus¬≤an tampil?
Jd gk berkembang &amp; gk sustainable

Sama kyk Close the door mulai ada segmen lain. Invest di channel lain",No
586,@tteokcheek HALO AKU PERNAH LIAT AKUN KAMU JUGA omg daripada sule andre mending kita vincent desta ‚ù§Ô∏èüòã,No
587,@Christiyan vincent desta,No
588,"Kemarin.... paman datang...
Paman ku... Vincent Desta @vindestwitt",No
589,Renhyuck penerusnya vincent desta wbk,No
590,@tanyakanrl ü§£ butuh temen kek Vincent desta,No
591,@nuraseona_ üòÇüòÇ youtube jela hiburan selain netflix..sbb jarang nonton tv.. my favorite show - tonight show vincent/desta. tp RA aku suka anak2nya.,No
592,"@MafiaWasit Vindes, Vincent destaüòÜ",No
593,gw mo nontonin vincent desta aja lucu,No
594,"@tanyarlfes ketemu vincent desta di tonight show, kalo di yt tv lucu, aslinya lebih lucu anjüò≠üò≠üò≠üòÇsampe digendong om vincent goyang bareng om desta",No
595,@WatchmenID Kurang vincent desta aja nih wkwk,No
596,@vvotanet vincent desta sih jelas,No
597,@vvotanet Marcell-Vincent-Desta,No
598,@vvotanet Wendy - Surya ato Vincent - Desta.,No
599,looks like they have vincent-desta chemistry,No
600,@ephanbin LAGIAN ITU BER2 LUCU BGT kayak vincent destaüòïüòï,No
601,"@virtuaIbase Sekali kali jadi C, mau bro atau bestie rent yang bisa cosplay vincent-desta atau andre-rina nose. Not in rush ya.",No
602,@Ana_ndha @ututuuututututt @tanyakanrl Vincent desta darto andre dll. Kayaknya anggota prediksi itu,No
603,@kochengfs Vincent &amp; desta https://t.co/KJdxNYxaUC,No
604,"Malam ini ada wanita dengan paket lengkap yang mampir ke Vincent Desta Show. Tidak lain dan tidak bukan, Nagita Slavina!

Sudah tayang di Youtube Vindes. Klik youtu.be/_2JuV1Ge7BQ

#Vindes 
#VincentandDesta https://t.co/Bq7PH9IPCS",No
605,@skrrtppel @restorasee @hourlyidn vincent desta gocek (gocipin cepak bola),No
606,"@anang_batas Boyband sing kancane Vincent Desta?

Nsync storia

#tet",No
607,@yourbae Kok mau mauan di undang vindes subuh subuh bang ? Duo kocakk vincent desta wkwk..,No
608,Baju kokonya Vincent Desta tjakep deh!,No
609,"@thejurgenholic Jihyo mirip sama cewek yang sama Vincent Desta tuh,siapa lupa namanya",No
610,@idextratime ngerri vincent desta,No
611,COKI MUSLIM DAN VINCENT DESTA SAMA-SAMA PERNAH KENA KASUS HUKUM! KAPOK??? youtu.be/eJpDcr-9Svg via @YouTube,No
612,Vincent &gt; Desta,No
613,"DEMI ALLLAH RANDOM BGTT TBTB JOIN BUKBER KOMUNITAS VINDES(??) ALIAS FANS VINCENT&amp;DESTA üò≠üò≠üò≠ MANA ADA ACARA TUKER KADOO GUE DPT COKK üò≠üò≠ MEREKA SERU PECAH ABISSS üò≠üò≠ 

mff emot nangis smw tp asliny seneng ko üò≠üò≠ https://t.co/WdaObRa5F3",No
614,Tuh denger kata habibü§£ #‡∏ò‡∏≤‡∏ï‡∏∏‡∏ó‡∏≠‡∏á‡∏ã‡∏≤‡∏ß‡∏î‡πå #gntm #SUGA #AFHS #thepassion #WhereisPushpa #AgustD #bursa #tonightshow #vincent #desta #habibjafar #ManchesterUnited https://t.co/9d9eQw0FP8,No
615,"@convomfs Cak lontong, dodit, wendy cagur, andre taulany, vincent desta",No
616,gara-gara nonton vincent desta nih jadi paham spontan uhuy :)),No
617,"Coki - Muslim X Vincent - Desta
üî•üî•üî•üî•",No
618,@VINDESAGENCY Ngakak Vincent desta rl kan maksudnya?,No
619,@ulasinema Kok belum ada replies atau qrt Vincent &amp; Desta ya https://t.co/a3f2yTo316,No
620,Gue suka Vincent Desta. ü§≠,No
621,"Vincent Desta adalah cikal bakal Coki Muslim ü§£ü§£ü§£
youtube.com/watch?v=eJpDcr‚Ä¶",No
622,Kalo puasa keingetan main #sawityowit sm vincent desta. Anjir tahun berapa ya itu ktknya gua smp dah wkskwk tua bgt,No
623,@txtdarigajelas Waktu masih Vincent &amp; Desta Show with Hesty  Enzy mana bintang tamunya itu itu terus.. ü§£,No
624,@Metarawitwin kalo di indo udah diajak gabung sama vincent desta gaksieüò≠üò≠üò≠,No
625,junan cover Nirvana!! nan lu harus ketemu Vincent desta sih kata akuu üò≠ nyambung bangetttt pasti obrolannya üò≠,No
626,"sekarang tiap denger lagu naff yang ini, selalu nyanyi pake liriknya vincent desta anjir üò≠
open.spotify.com/track/3n9Rplkk‚Ä¶",No
627,"WKWKWKWKWKWKWKWKKWKWKWKWKW LUCU BANGET TAEEEE

COKI MUSLIM DAN VINCENT DESTA SAMA-SAMA PERNAH KENA KASUS HUKUM! KAPOK??? youtube.com/watch?v=eJpDcr‚Ä¶",No
628,"@unmagnetism Ahmad dhani, 
Vincent desta",No
629,vincent desta dipecat dari mtv bujang gara-gara ngeledek logo globaltv,No
630,"Bang, gue ngarep banget bisa liat lu jadi komentator kayak vincent desta gara2 iniüòÖüëç",No
631,Minions gue rasa ikutnya vindes sport nanti lawan vincent desta,No
632,@vindestwitt Vincent Desta oomleo ebel marshel indra jegel mami Nunung chef norman chef willgoz chef Martin.,No
633,@vindestwitt Vincent Desta Hesti Enzy om leo dan Bu sisca.,No
634,@patragumala vincent desta sule andre mnurut gw setelah alm olga komeng adul,No
635,@gorgeuis Vincent Desta,No
636,"Ibarat vincent - desta, vincent cuma kasih lambungan jokes sedikit aja, desta pasti paham dan masuk ke jokesnya. Beda cerita klo vincent partneran sm irfan hakim atau raffi ahmad, pasti kurang.

Jot harusnya bisa ngeliat itu dr para member.",No
637,"@nagacentil Vincent Desta sudah meramal ini dari jaman dulu

youtu.be/hmCU87jHS7A",No
638,"ACG Aku Cinta Gunung, Vincent &amp; Desta Naik Gunung Eiger? youtu.be/m3dxLLCmEuo via @YouTube",No
639,vincent desta,No
640,"@SuiciDeSpair_ Punk, pemuda urakan namun kreatif kalo.kata Vincent Desta",No
641,lawakan mereka tuh kyk gimmick vincent desta bgtt üò≠ https://t.co/CdBbuNKqcT,No
642,"@keitaloverbot OALAH, TAU-TAU. EGK MW MENDING SM VINCENT DESTA",No
643,@G3M4THs geng motor nya vincent destaüò≠üò≠üò≠üôèüèªüôèüèª,No
644,"@falenzaman Vincent desta, Onald, surya indra jegel, boris bokir...",No
645,"@keitaloverbot MANG SYP SI, KAN VINCENT DESTA üò≠ AK EGK TW GOMEN",No
646,@yujinpow BUKAN VINCENT DESTA BJIERüò≠üò≠üò≠üò≠üí™üèªüí™üèªüí™üèª,No
647,"Verified
Senin artinya Vincent Desta Show, yang malam ini bersama Jeriko Panggabean; ialah sahabat lama Vincent.

Apakah yang akan dibongkar dan terbongkar? Tongton dan saskikan di Youtube Vindes sekarang. 

Klik youtu.be/Q7MeUzbCa_U

#Vindes 
#VincentandDesta https://t.co/Y0zHbsC9Va",No
648,vincent desta cabang korea https://t.co/6PLyTI03du,No
649,"Diprank ini ada Vincent Desta di Jerman!!

youtube.com/live/fDhdKCTM3‚Ä¶

#Vindes
#RamadanBarengVindes https://t.co/lnDJAh81EN",No
650,"@vindestwitt opini pribadi saya nih, ga seseru tahun kemarin.
Vincent Desta malah minim keliatan 
saya cuma nonton hari pertama, itu juga ga sampe kelar üòû",No
651,SAHABAT SEJATI VINCENT DESTA MINGGIRRRRRRRRRRRR https://t.co/lAOwJxtJSy,No
652,"@Jihagn @nixies TMI hari ini ada new performance dari Jikmin di The Tonight Show punya Jimmy Fallon, bukan punya Vincent Desta ya hati hati penipuan",No
653,vincent desta kece banget dah kacauuu...üò´,No
654,"@DyahWeru_Z Channel youtube nya vincent desta.. kalo buka puasa ada acaranya, terus ada adzan nya, yg adzan dikta",No
655,kenapa hostnya bukan vincent desta,No
656,"@notyoursst00pid @PartaiSocmed klo hesti, vincent desta dan enzy liat ini pasti pada heboh

"" eh eh eh siapa tuh, siapa tuh""",No
657,@vindestwitt Knp di bukber gak ada vincent desta nya?,No
658,"@pandji termasuk Vincent - Desta dong yes loyalis beliau yang masuk kategori, dekat dengan pemuda &amp; olahraga. 
mengingat rekam jejak abdee slank yang bisa jadi komisaris bumn yekan",No
659,"Mau berterimakasih sama om vincent desta, makasih banyak udah hadir di dunia dengan membawa banyak kecerian dan kebahagian pada semua orang termasuk aku salah satunya, udah jadi tempat kalo lagi sedih, udah nemenin ngerjain tugas laporan di tiap-tiap malemnya.",No
660,"@interistakarbit oomleo circle nya keren gak alay kaya ditho. gue pernah bukber bareng goodnight electric, goodfriends, vincent, desta di tebet. yg emang kebetulan mereka sohib",No
661,"Sambut Ramadan 2023, Vincent Desta Punya Progam Ramadan Bareng Vindes dlvr.it/SlDr0K",No
662,"@kikysaputrii @adjisdoaibu @Standupindo @abraham_TS Wkwkwk, minta maaf sama aku ya kak. Aku penggemar Vincent Desta Hesti Enzy üòÖ",No
663,"terakhir kapan ya nonton tonight show üò≠ padahal duluu ga pernah absen nonton vincent desta, sekarang udah hampir ga pernah üò≠ paling cuma sekilas lihat cuplikan2nya di tiktok üò≠",No
664,Pagi2 gue udah nangis banget liat Vincent Desta üò≠üò≠üò≠üò≠,No
665,@perspillantwt iki lucu banget ekspresi vincent desta,No
666,imagine vincent &amp; desta invite them to tonight show,No
667,i can see b&amp;e in vincent &amp; desta,No
668,"Malam ini Vincent &amp; Desta kedatangan seseorang mutiara dari timur yang adalah @marionjolamj. Tonton keseruan obrolannya di Youtube Vindes. Meluncur! Sudah tayang!

youtube.com/watch?v=9SxBXT‚Ä¶

#Vindes 
#VincentandDesta https://t.co/huO518wYPZ",No
669,bisa aja nih vincent desta https://t.co/YKmVsUjCpB,No
670,"@tanyakanrl vincent desta komedia ga sie, pokonya mreka terlucu dah menurut ku",No
671,"((jimin fallon))
(((acaranya vincent desta)))",No
672,@indomyfess iya bener vincent desta,No
673,((Jimin fallon)) ((tonight show)) ((Vincent desta)) üò≠üò≠üò≠,No
674,"@indomyfess Tapi tonight show vincent desta emang terinspirasi dari typical US talkshow sih, makanya vibesnya mirip.",No
675,@dunkinlemon Kaget. Gue kira beneran ke vincent destaüò≠,No
676,"Anjweengg ketawa bgttt plissss
Vincent desta gak tujhhüò≠üò≠üò≠",No
677,@txtdrindomy acara Vincent desta üò≠üò≠,No
678,@txtdrindomy Bayangin aja keacara Vincent Desta suatu saat nanti,No
679,@txtdrindomy Vincent destaüò≠üò≠,No
680,"@vindestwitt Vincent, desta, om leo",No
681,"@kittycathae Yes, in Indonesia we have VinDes (Vincent&amp;Desta), like D&amp;E, both came from same group and have best chemistry..they started from a show on mtv and now they have their own youtube chnl..i also hope our D&amp;E will have their own chanel in the future, coz they're so good together ü•≤",No
682,"Vincent &amp; Desta enak banget, dapet endorse dari Eiger untuk langsung naik gunung di Swiss.",No
683,@xxrickyshen vincent from vindes vincent desta iya apa iya,No
684,Vincent &amp; Desta,No
685,"gwendeng semalem ak mimpi ada vincent desta ada dirumah trs maen ke kamar dh kek sodara kandung sendiri woyyyy. rasae kek nyata dan pas mimpi itu ngira mimpi tp ternyata nyata *paham g si*, pdhl mimpi yaAllahhhhh",No
686,"@putpuwi dochi sadega. vincent desta masih suka bingung kan apa itu musik bergenre ""pop punk"". nah dochi orang yang tepat untuk menjabarkan semua itu",No
687,"Zara udah bukan JKT48 main ke Vincent &amp; Desta Show malam ini. Sudah tayang di Youtube Vindes. Klik youtu.be/qIJfDolxJXg

#Vindes 
#VincentandDesta https://t.co/kHfLduQKGJ",No
688,"Ada yg udh liat video sy tanding bola pimpong bareng Vincent, Desta, Andre dan Dikta? Klo blm yuk langsung ke channel youtube nya Vindest!üëçüèªüëçüèª https://t.co/FQuipnl0J5",No
689,@scheulleo Yang host Vincent desta ya? ü§£,No
690,"Rony ini kayaknya sering nonton tonight show. Jokes sama gimmick nya mirip Vincent, DestaüòÇ orang kok lucu terus wkwkwk",No
691,"@MafiaWasit Logo kui inspiratif, nyatane Vincent desta melu"" Logone ngono",No
692,"ngehe mohan, baskara, ari lesmana, vincent desta definisi cowo keren menurut gueüëå",No
693,"@berlianidris @kikysaputrii Banyak kasus kaya gitu dok, Vincent Desta jg kena. Dengar aj d trio Kurnia. Belum yg masyarakat biasa",No
694,"versi indonya iqbaal, arbani yasiz, vincent, desta, SYP LG YA KO TBTB LUPA",No
695,"@tanyakanrl VINCENT 
DESTA
DANILA RIYADI
REFAL HADY
HERJUNOT ALI
TORA SUDIRO
RONALD
LUKMAN SARDI
MAUDY AYUNDA
ARI IRHAM",No
696,"@torantula Vincent , Desta , Stepi item , Babang tamvan andika",No
697,"Kalo mau nyebutin banyak nih. Terbaru paling gerombolannya Vincent &amp; Desta. Ga harus jadi orang event, tapi kalo bisa ajak temen yg ""ga punya malu"" alias bisa diajak nyelinap ke backstage (ajaran-ajakan temen yg fans berat SID sampe kemarin nemuin langsung).",No
698,"@tanyakanrl vincent, desta, nycta gina, duta so7. udh si. kalo konser banyak.",No
699,"@tanyakanrl Dedi cahyadi
Letto
Sheila on 7
Ardhito
Denny Caknan
Febby Putri
Coki muslim
Coldiac
Dzawin
Pee wee gaskins
Vierra
JKT 48
Gangga
Tiara Andini
Okin
Onad
Vincent desta",No
700,@F4LL1N111 Tonight show vincent-desta?,No
701,vincent desta,No
702,@mrdhbai @Askrlfess Nama fans nya Vincent Desta,No
703,@tanyakanrl Ini vincent desta?,No
704,Snu-jaeung ü§ù vincent-desta,No
705,"Kalau jatuh ke lubang yang sama apa bahasa sundanya? ü§≠ü§≠
. 
. 
üìπ @tonightshow_net 
. 
. 
#Ridwankamil #RKJabarjuara #JabarJuara #IndonesiaJuara #tonightshow #sunda #bahasasunda #sundanese #basasunda #vindes #vincent #desta https://t.co/puXBg2FLtP",No
706,"Selamat malam orang orang lemah. Malam ini akan ada @anwarcoki yang akan mengibril bersama Vincent &amp; Desta. 

Sudah tayang di Youtube Vindes. Klik youtu.be/IBJki2BY4yk

#Vindes 
#VincentandDesta https://t.co/wQsErO2v1j",No
707,"~ Trio Kurnia
Ketawa bareng sama 3 bapak2 kocak, Vincent, Desta dan Andre Taulany

~ Deddy Issues
Jadi lebih pintar karena dengerin podcast yang diisi sama om deddy ini",No
708,"@RuangLucuuu 1 Nadia Omara
2 Vincent &amp; Desta
3Maling mamat keliling
4 Lankybox
5 Cocomelon",No
709,"@fleurdelucour Kalo tiba tiba komedi, vincent desta‚òùÔ∏è",No
710,@tanyarlfes tadi banget abis mimpi vincent desta jadi tukang pempek keliling tapi teriaknya 'videoo videoo video' demi apapun ngga ngerti samsek,No
711,random banget pikiran gw.. tapi kayaknya kalo junhan ketemu Vincent Desta atau kalo junhan di undang ke YouTube nya vindes obrolan mereka bakal nyambung üò≠,No
712,Vincent Desta segala dibahas https://t.co/6PNZDBRvN7,No
713,"I imagine if Kingdom gets the chance to interview here, they will feel father's jokes of Vincent - Desta (they are famous hosts and comedians in Indonesia)

Especially Dann &amp; Louisüò≠

*manifest @netmediatama @KINGDOM_GFent @WarnerMusicID üôè https://t.co/WrkMdLzNmn",No
714,Ngak pernah terlintas di kepala ku sedikit pun kalo cravity bakal ngobrol sama Vincent  Desta üò•,No
715,Vincent desta ngobrol sama  cravity üò≠üò≠üò≠ gak pernah kebayangg,No
716,never in my dream i‚Äôd imagine cravity meeting vincent desta üò≠ is this real like REAALL??,No
717,@NFADavid Vincent &amp; Desta,No
718,"iqbaal, om vincent&amp;desta disatu frameü´∂üèª gbs move on dr konser inii https://t.co/CHjf3fpss4",No
719,"Pengalaman nonton Club 80's (Vincent+Desta), Sheila On 7, Noah. dalam panggung yang sama. https://t.co/9MC3QlE6Dp",No
720,@goodl_uck Kalo host-nya sekaliber Vincent Desta mungkin akan enak flow-nya. Bahaya malah jadi bahan julid nanti.,No
721,"@convomfs Story gw diliat vincent desta aja seneng bgt dulu, ketawa 5 menit sambil ngasih tau keluarga sama temen"" hahahaha",No
722,"Supris untuk Vivin Dedes, malam ini akan ada Vincent Desta Show edisi spesial HUT Vindes kedua. 

Kami mengundang Vivin Dedes dari Jakarta, Bandung, Solo untuk datang ke studio Vindes. 

Telah tayang, klik youtu.be/AGX3XWtevJ8

#Vindes 
#VindesYaHUTNihYee 
#VincentandDesta https://t.co/jnIL9Eznbq",No
723,"Dulu waktu jaman aku jadi fans nya clubeighties, aku cuman perlu beli cd original buat dapetin tandatangan vincent desta lembu clift sama sukma, kalo mau stikernya beli majalah aneka yess!!, sekarang aku mau ketemu taehyung harus investasi duluüòµ‚Äçüí´ sungguh perbedaan yang yahhü•≤",No
724,"Pernah denger vindes tapi lupa vincent / desta nya ya, gitu sama salah diagnosa sampe hrs operasi. Sampe akhirnya dia cek ke rs spore, ternyata ga perlu sampe operasi dan diagnosanya beda jauh. üòÇ kalo w pribadi gapernah soalnya gapernah ke dokter kalau ga ranap",No
725,vincent destaüòÄ,No
726,"Studio Vincent Desta Show malam ini kedatangan salah satu pemenang dari pertandingan ganda Tepok Bulu lalu, plis welkam @ericarl_ !

Sudah tayang di Youtube Vindes. Klik youtu.be/OmRbMIgFhzI

#Vindes 
#VincentandDesta https://t.co/9jBdPHcPRi",No
727,jadi inget cerita vincent yang selalu ikut Abangnya (mas cliff) tiap kali ngumpul sama gank nya üò≠ awal mula ketemu nya vincent desta gara2 si Vincent ngintilin abang nya mulu tiap main üò≠,No
728,@blueoreenjii @convomfs wkwkwkw aku bacanya pake nada vincent destaüò≠,No
729,Coba belajar idealis kaya gini dari vincent desta deh,No
730,@overcontrolneed Mungkin kalo ngobrolnya sama vincent desta sih bisa aja tu nanya ttg next step yg kaitannya g cuma berkutat di personal üôÜ,No
731,"@Gank_Of_Petojo Otong koil pernah om.. Di bahas di podcast nya vincent desta pas waktu dia kena SANTET.

trs di lakban kan sama dia ke perut krn bengkak. trs ntar kempes sendiri. HAAA mau ngakak takut kena santet..",No
732,"@Stakof Dari komeng, jerome polin, prediksi, vincent desta, ampe fanny soegi wkwkwkwkwk. Emanf bener sih artis tuh jgn main twitter dah. Sakit hati sendiri nanti baca nyinyiran netizen",No
733,"Kurang Vincent, Desta sama Enzy aja https://t.co/lipFkFc2hH",No
734,"Gimana caranya?!
Simak Sobi! 
‚úÖ Dateng ke @iims di hari Jumat, 24 Februari jam 14.00
‚úÖ Yang pasti ke booth mobbi dong!
‚úÖ Foto/ Videoin Vincent &amp; Desta lagi di booth mobbi
‚úÖ Post to IGS, tag @mobbi.id @vincentrompies @desta80s",No
735,Nontonin konten Vincent-Desta ngakak mulu sampe batuk2. Sumpah ni 2 orang kenapa lucunya natural sih ü§£ü§£ü§£ü§£ü§£ü§£ü§£ü§£ü§£,No
736,Humorku sebatas nonton lala sama vincent desta,No
737,"kalo liat mereka tuh kayak ngeliat Vincent Desta ü•πü´∂üèª

 twitter.com/ildanhyukhae/s‚Ä¶",No
738,@ontotheropes sukebak tuhh idenya dari gamenya vincent desta enji di tonight show (gak tau sih bener apa enggak). tapi tuh kayaknya dulu muncit pernah main sukebak juga deh yang asli. twitter.com/at_three_am/st‚Ä¶,No
739,@vindestwitt VDkate = Vincent Desta suka ayam kate,No
740,"Vincent Desta ini mahüò≠
twitter.com/nctzenbase/sta‚Ä¶",No
741,"Fakta Durian Gajah yang Dibahas Vincent Desta, Harganya Jutaan! Jerome belum tahu nih... #Vindes #durian #morn #minggu
pasundan.jabarekspres.com/2023/02/18/dur‚Ä¶",No
742,"makan yupi sambil nonton vincent desta, dengerin lagu shawn mendes, liat pidio tiktok kucing, nonton mukbang, tidur, marathon drama, nongkrong, beli dimsum, ke pecel lele bang jek",No
743,@ageetarumi Keren üòéüòé Sama kayak Vincent Desta kayaknya hehe,No
744,"jujur berasa nonton vincent desta

 https://t.co/AwkEEwjiPY",No
745,@tvindonesiawkwk Vincent desta adalah pelawak yang ga merasa dirinya pelawak asli komedi terus wkwk,No
746,"Pernah ketemu Rossa, Rizki Febian, Raisa, Yuki Kato, Daniel Mananta, Ryan Ibram, Niki Zefanya, Via Valen, Feby Rastanti, Gen Halilintar, Vincent, Desta, Vierratale juga",No
747,@AdjieSanPutro nonton vincent desta adalah healing terbaik,No
748,@KuroNekoBanser Vincent - Desta.,No
749,"alasan tidak menonton tonight show adalah, kabita outfit yg dipake vincent desta, brand brand yg diidamkan anak skate tapi mahal!!",No
750,vincent desta,No
751,"instead of yg ga lucu, mending yg lucu aj. gua paling suka vincent, desta, enzy, hesti udh paket lengkap",No
752,"Bahkan seorang Maudy Ayunda berkata demikian...

Lo udah nonton Vincent Desta Show bersama Maudy? Kalo belum, klik youtu.be/Rfg0uh4OxwA

#Vindes 
#Kutipetik https://t.co/ynQpWANHz9",No
753,@ngemtot @KuroNekoBanser vincent desta kan memang bukan pelawak tapi presenter yang suka ngelawak ala tongkrongan hahaha,No
754,"bintang emon, surya insomnia, vincent &amp; desta",No
755,@KuroNekoBanser Vincent desta,No
756,@unmagnetism Vincent desta,No
757,vincent desta,No
758,"@StarkiTomi @cobeh2022 Beda selera kali.

Coba sebut yang lucu menurut versimu? Mr. Bean, Komeng/Adul, Vincent/Desta, para komika?",No
759,@uusbiasaaja Vincent desta sih,No
760,@chroma_shin Bener... Gua aja suka SNSD karena mereka lawak banget. Mereka lebih ke group lawak buat gua daripada girlband. Sama kayak gua suka Vincent Desta walaupun mereka punya band. Hahahaha terlalu sempurna malah ngebosenin.,No
761,"Lu tp ga rumit ya hidupnya? Gila prestasinya banyak banget -vincent

Vincent desta aja ampe terkagum2 ama maudy ayunda
Apalagi gua üò≠üò≠üò≠
No words can explain how I adore her so much",No
762,@Ifat_Id vincent - Desta,No
763,"üïäÔ∏è. Apa sih twitter. Stop nunjukin aku who to follow because I only follow my heart.

; Tapi nggak difollback..

Hidup kadang begitu. Kadang Raffi Ahmad, kadang Gitasav, kadang Vincent Desta.",No
764,@justxxay @UNSfess_ kalo vincent desta termasuk apaan?,No
765,Vincent Desta Andre juarak sih menghiburnya‚ù§Ô∏è,No
766,"Maudy ayunda, mba Nana eh ini artis apa politisi ya pokonya itu deh. Deny + wendy Cagur, Vincent desta",No
767,@syuthiks @tanyakanrl Di vindest di net apa di yt gt. Pokok y sama vincent desta,No
768,@radensiapa LU KENAL VINCENT DESTA DARI MANE,No
769,@radensiapa Vincent desta WKWKWKWK üò≠,No
770,@vernoncireng tonight show vincent desta enzye hesti kita ganti seungkwan hoshi dokyeom dino kyk going bss hari ini bisa kali ya,No
771,@vernoncireng IYA LAGIüò´ vincent desta vincent nya seungkwan desta nya?,No
772,@vindestwitt Oufitnya vincent &amp; desta lah üòÅ,No
773,"bang jordan sama bang ghiyas cocok gantiin vincent desta

lo jadi hesti ya yo?

mending gue jadi sofanya aja bareng kak tsabit

di...dudukin..?",No
774,"bang jordan sama bang ghiyas cocok gantiin vincent desta

lo jadi hesti ya yo?

mending gue jadi sofanya aja bareng kak tsabit",No
775,"bang jordan sama bang ghiyas cocok gantiin vincent desta

Hmm‚Ä¶ tapi tetap tidak ada yang bisa menggantikan sosoknya yang indah.",No
776,"bang jordan sama bang ghiyas cocok gantiin vincent desta

lo jadi hesti ya yo?",No
777,bang jordan sama bang ghiyas cocok gantiin vincent desta,No
778,"@vindestwitt Baju yang dipake vincent desta, karna sama terus untuk season ini",No
779,vincent sean bukan vincent desta https://t.co/2FFd4ic6sv,No
780,Waduh Vincent &amp; Desta lagi sepikap nih ke HRD. Ada yang punya solusi gak buat mereka? https://t.co/MU3pUP5xvf,No
781,capek banget nonton Vincent Desta ü§£ü§£üò≠üò≠,No
782,"@vilosofi_ Hi vincent, desta ga diajak?",No
783,"@tanyakanrl Going seveteen,Nct dream,txt,ninghonggo manttapu,Vindes (Vincent Desta)",No
784,joget kunci stang vincent desta sing baru pweecaaah lucu pol WKWKWWMWKWK,No
785,"Malam ini sang ‚ÄòRehat‚Äô @KuntoAjiW mampir ke Vincent Desta Show jam tujuh malam. 

Klik youtu.be/_4ThlqtnfDY buat nontonin!

#Vindes 
#VincentandDesta https://t.co/to0NvRcF42",No
786,"Duo komedian, Vincent dan Desta mengundang Raffi Ahmad sebagai tamu dalam video konten mereka. Terdapat momen yang unik dan lucu di video tersebut.

Simak terus berita terupdate lainnya di MNC Update !¬†

#Vindes #Vincent #Desta #RaffiAhmad #NagitaSlavina #HotGossip #MNCUpdate https://t.co/Tqt7ooVwN8",No
787,perez tebas &gt; vincent desta,No
788,@RChuatway perez tebas &gt; vincent desta,No
789,Apakah ini efek nonton vincent desta di segala channel utube?  Sampai2 aku sering ngereceh terus :(,No
790,Nulis Lagu Senja Bisa Ketemu Vincent Desta‚ÄºÔ∏è https://t.co/dNVSv18oG6,No
791,"@denny_trizki @kisahtanahjawa @NETtv_Channel Gak mungkin bro sekelas NET.TV minim anggaran, The Tonight Show nya Vincent &amp; Desta saja (tempo hari) bisa ngundang Seringai (yang notabene adalah salah 1 Band Indie termahal), masa buat syuting ke tempat angker gk bisa?",No
792,vincent desta,No
793,"@starfess jongu tuh mood btt anaknya jd biar rame aja gitu, dia kalo di indo udah join circle vincent desta",No
794,"we@Obay_Kusut1981 Tanya rijik goblok, dia punya banyak koleksi janda. Pake nanya segala. Tolol main Tweet. https://t.co/LFq3tfaAu8",Yes
795,ramudeng pki teriak pki dasar kadrun begok permanen fpi hti itu pemberontak sama seperti pki ngaca lu drun kadrun begoo,Yes
796,ty@Sukardi2017 wkwkk.....kadrun begoooo kontraknya ga lama kok.....kasian bidadarinya kelamaan nunggu,Yes
797,"er@islah_bahrawi begoooo Mantab.
Narasi dg analogi yg mudah diterima akal.
.
Gak tahu kalau akal kadrun, paham pa gak...",Yes
798,op@langitan99 Combro apa kentang rebus bangsat??,Yes
799,"rt@lahedom99 Cieee... Gak pake media apa malu ketauan bloon begoooo.. Hebat ya Kadrun, junjungan loe si raja bokep aja cium tangan Ama Kadrun...loe gak mau cium kaki gw",Yes
